personId,playerName,gamesPlayed,minutes,points,assists,reboundsTotal,steals,blocks,turnovers,fieldGoalsMade,fieldGoalsAttempted,threePointersMade,threePointersAttempted,freeThrowsMade,freeThrowsAttempted,pointsPerGame,assistsPerGame,reboundsTotalPerGame,stealsPerGame,blocksPerGame,turnoversPerGame,minutesPerGame,fieldGoalPct,threePointPct,freeThrowPct,productionPerGame,name_clean
2544.0,LeBron James,60,1976.6,1256.0,432.0,364.0,72.0,35.0,179.0,473.0,919.0,77.0,243.0,233.0,316.0,20.93,7.2,6.07,1.2,0.58,2.98,32.9,0.515,0.317,0.737,33.0,lebron james
101108.0,Chris Paul,16,224.9,47.0,53.0,28.0,11.0,0.0,16.0,18.0,56.0,10.0,30.0,1.0,2.0,2.94,3.31,1.75,0.69,0.0,1.0,14.1,0.321,0.333,0.5,7.69,chris paul
200768.0,Kyle Lowry,14,116.0,17.0,11.0,9.0,2.0,2.0,4.0,4.0,25.0,4.0,25.0,5.0,6.0,1.21,0.79,0.64,0.14,0.14,0.29,8.3,0.16,0.16,0.833,2.63,kyle lowry
201142.0,Kevin Durant,78,2825.1,2026.0,372.0,426.0,62.0,71.0,246.0,716.0,1376.0,186.0,450.0,408.0,467.0,25.97,4.77,5.46,0.79,0.91,3.15,36.2,0.52,0.413,0.874,34.75,kevin durant
201143.0,Al Horford,46,961.1,372.0,116.0,219.0,30.0,51.0,42.0,138.0,324.0,74.0,205.0,22.0,26.0,8.09,2.52,4.76,0.65,1.11,0.91,20.9,0.426,0.361,0.846,16.22,al horford
201144.0,Mike Conley,54,980.0,245.0,157.0,93.0,35.0,14.0,34.0,72.0,215.0,56.0,166.0,45.0,50.0,4.54,2.91,1.72,0.65,0.26,0.63,18.1,0.335,0.337,0.9,9.45,mike conley
201145.0,Jeff Green,30,168.5,67.0,8.0,25.0,2.0,2.0,4.0,25.0,68.0,12.0,44.0,5.0,5.0,2.23,0.27,0.83,0.07,0.07,0.13,5.6,0.368,0.273,1.0,3.34,jeff green
201566.0,Russell Westbrook,64,1840.0,971.0,426.0,348.0,83.0,12.0,209.0,358.0,839.0,128.0,379.0,127.0,183.0,15.17,6.66,5.44,1.3,0.19,3.27,28.8,0.427,0.338,0.694,25.49,russell westbrook
201567.0,Kevin Love,37,605.7,248.0,67.0,215.0,14.0,9.0,30.0,79.0,199.0,53.0,142.0,37.0,44.0,6.7,1.81,5.81,0.38,0.24,0.81,16.4,0.397,0.373,0.841,14.13,kevin love
201572.0,Brook Lopez,75,1620.8,634.0,97.0,273.0,45.0,87.0,61.0,232.0,542.0,114.0,317.0,56.0,74.0,8.45,1.29,3.64,0.6,1.16,0.81,21.6,0.428,0.36,0.757,14.33,brook lopez
201587.0,Nicolas Batum,74,1279.2,293.0,64.0,184.0,47.0,23.0,37.0,96.0,238.0,92.0,228.0,9.0,11.0,3.96,0.86,2.49,0.64,0.31,0.5,17.3,0.403,0.404,0.818,7.76,nicolas batum
201599.0,DeAndre Jordan,12,196.5,53.0,11.0,76.0,4.0,10.0,9.0,21.0,32.0,0.0,0.0,11.0,17.0,4.42,0.92,6.33,0.33,0.83,0.75,16.4,0.656,,0.647,12.08,deandre jordan
201935.0,James Harden,70,2423.5,1652.0,557.0,336.0,79.0,28.0,245.0,487.0,1123.0,215.0,573.0,463.0,524.0,23.6,7.96,4.8,1.13,0.4,3.5,34.6,0.434,0.375,0.884,34.39,james harden
201939.0,Stephen Curry,44,1321.2,1142.0,203.0,154.0,49.0,17.0,121.0,374.0,799.0,190.0,484.0,204.0,221.0,25.95,4.61,3.5,1.11,0.39,2.75,30.0,0.468,0.393,0.923,32.81,stephen curry
201942.0,DeMar DeRozan,77,2387.7,1419.0,316.0,226.0,80.0,23.0,96.0,499.0,1005.0,47.0,147.0,374.0,431.0,18.43,4.1,2.94,1.04,0.3,1.25,31.0,0.497,0.32,0.868,25.56,demar derozan
201950.0,Jrue Holiday,53,1548.6,865.0,322.0,245.0,54.0,6.0,146.0,320.0,709.0,137.0,362.0,88.0,105.0,16.32,6.08,4.62,1.02,0.11,2.75,29.2,0.451,0.378,0.838,25.4,jrue holiday
201959.0,Taj Gibson,10,94.9,34.0,6.0,27.0,2.0,1.0,1.0,12.0,26.0,3.0,6.0,7.0,8.0,3.4,0.6,2.7,0.2,0.1,0.1,9.5,0.462,0.5,0.875,6.9,taj gibson
202066.0,Garrett Temple,22,68.2,17.0,9.0,9.0,4.0,2.0,7.0,4.0,15.0,3.0,12.0,6.0,9.0,0.77,0.41,0.41,0.18,0.09,0.32,3.1,0.267,0.25,0.667,1.54,garrett temple
202331.0,Paul George,38,1129.8,641.0,133.0,196.0,62.0,16.0,64.0,225.0,513.0,100.0,255.0,91.0,111.0,16.87,3.5,5.16,1.63,0.42,1.68,29.7,0.439,0.392,0.82,25.9,paul george
202685.0,Jonas Valanciunas,65,858.6,567.0,78.0,329.0,14.0,37.0,73.0,227.0,390.0,8.0,26.0,105.0,136.0,8.72,1.2,5.06,0.22,0.57,1.12,13.2,0.582,0.308,0.772,14.65,jonas valanciunas
202687.0,Bismack Biyombo,25,135.6,23.0,5.0,26.0,4.0,2.0,8.0,9.0,15.0,0.0,0.0,5.0,7.0,0.92,0.2,1.04,0.16,0.08,0.32,5.4,0.6,,0.714,2.08,bismack biyombo
202691.0,Klay Thompson,69,1484.9,810.0,96.0,143.0,33.0,22.0,63.0,286.0,728.0,202.0,527.0,36.0,47.0,11.74,1.39,2.07,0.48,0.32,0.91,21.5,0.393,0.383,0.766,15.09,klay thompson
202695.0,Kawhi Leonard,65,2071.6,1813.0,234.0,413.0,122.0,27.0,133.0,635.0,1258.0,172.0,445.0,371.0,416.0,27.89,3.6,6.35,1.88,0.42,2.05,31.9,0.505,0.387,0.892,38.09,kawhi leonard
202696.0,Nikola Vucevic,64,1806.1,965.0,213.0,537.0,39.0,41.0,85.0,394.0,799.0,100.0,271.0,77.0,93.0,15.08,3.33,8.39,0.61,0.64,1.33,28.2,0.493,0.369,0.828,26.72,nikola vucevic
202699.0,Tobias Harris,63,1732.1,836.0,157.0,323.0,58.0,26.0,63.0,309.0,659.0,82.0,223.0,136.0,157.0,13.27,2.49,5.13,0.92,0.41,1.0,27.5,0.469,0.368,0.866,21.22,tobias harris
202710.0,Jimmy Butler III,39,1172.6,760.0,185.0,211.0,55.0,8.0,60.0,240.0,462.0,32.0,85.0,248.0,287.0,19.49,4.74,5.41,1.41,0.21,1.54,30.1,0.519,0.376,0.864,29.72,jimmy butler
203076.0,Anthony Davis,20,621.8,407.0,56.0,221.0,22.0,33.0,41.0,169.0,334.0,10.0,37.0,59.0,81.0,20.35,2.8,11.05,1.1,1.65,2.05,31.1,0.506,0.27,0.728,34.9,anthony davis
203083.0,Andre Drummond,63,1218.9,403.0,80.0,532.0,38.0,49.0,61.0,159.0,337.0,32.0,90.0,53.0,84.0,6.4,1.27,8.44,0.6,0.78,0.97,19.3,0.472,0.356,0.631,16.52,andre drummond
203084.0,Harrison Barnes,77,1969.9,767.0,148.0,214.0,50.0,12.0,61.0,263.0,576.0,139.0,358.0,102.0,123.0,9.96,1.92,2.78,0.65,0.16,0.79,25.6,0.457,0.388,0.829,14.68,harrison barnes
203110.0,Draymond Green,68,1855.4,570.0,376.0,375.0,61.0,42.0,181.0,205.0,491.0,101.0,310.0,59.0,84.0,8.38,5.53,5.51,0.9,0.62,2.66,27.3,0.418,0.326,0.702,18.28,draymond green
203114.0,Khris Middleton,63,1426.6,640.0,176.0,231.0,41.0,9.0,108.0,227.0,540.0,67.0,186.0,119.0,136.0,10.16,2.79,3.67,0.65,0.14,1.71,22.6,0.42,0.36,0.875,15.7,khris middleton
203468.0,CJ McCollum,76,2248.9,1424.0,293.0,252.0,64.0,35.0,135.0,525.0,1154.0,191.0,510.0,183.0,237.0,18.74,3.86,3.32,0.84,0.46,1.78,29.6,0.455,0.375,0.772,25.44,cj mccollum
203471.0,Dennis Schroder,70,1682.6,756.0,341.0,189.0,55.0,11.0,124.0,255.0,629.0,75.0,228.0,171.0,205.0,10.8,4.87,2.7,0.79,0.16,1.77,24.0,0.405,0.329,0.834,17.55,dennis schroder
203482.0,Kelly Olynyk,42,352.5,133.0,49.0,76.0,15.0,3.0,24.0,47.0,96.0,12.0,47.0,27.0,38.0,3.17,1.17,1.81,0.36,0.07,0.57,8.4,0.49,0.255,0.711,6.01,kelly olynyk
203484.0,Kentavious Caldwell-Pope,51,1077.8,428.0,139.0,125.0,43.0,8.0,61.0,150.0,366.0,55.0,174.0,73.0,80.0,8.39,2.73,2.45,0.84,0.16,1.2,21.1,0.41,0.316,0.912,13.37,kentavious caldwell-pope
203486.0,Mason Plumlee,20,166.9,31.0,20.0,53.0,10.0,0.0,12.0,11.0,14.0,0.0,0.0,9.0,14.0,1.55,1.0,2.65,0.5,0.0,0.6,8.3,0.786,,0.643,5.1,mason plumlee
203497.0,Rudy Gobert,76,2365.7,829.0,128.0,872.0,58.0,124.0,106.0,335.0,491.0,0.0,5.0,159.0,302.0,10.91,1.68,11.47,0.76,1.63,1.39,31.1,0.682,0.0,0.526,25.06,rudy gobert
203500.0,Steven Adams,32,724.6,187.0,48.0,276.0,22.0,20.0,35.0,70.0,139.0,0.0,0.0,47.0,81.0,5.84,1.5,8.62,0.69,0.62,1.09,22.6,0.504,,0.58,16.18,steven adams
203501.0,Tim Hardaway Jr.,80,2111.2,1079.0,108.0,206.0,42.0,10.0,43.0,348.0,779.0,224.0,550.0,159.0,196.0,13.49,1.35,2.58,0.52,0.12,0.54,26.4,0.447,0.407,0.811,17.52,tim hardaway
203507.0,Giannis Antetokounmpo,37,1032.7,993.0,196.0,352.0,34.0,24.0,115.0,373.0,598.0,15.0,45.0,232.0,357.0,26.84,5.3,9.51,0.92,0.65,3.11,27.9,0.624,0.333,0.65,40.11,giannis antetokounmpo
203552.0,Seth Curry,10,131.8,71.0,10.0,12.0,3.0,0.0,2.0,24.0,49.0,12.0,25.0,11.0,12.0,7.1,1.0,1.2,0.3,0.0,0.2,13.2,0.49,0.48,0.917,9.4,seth curry
203648.0,Thanasis Antetokounmpo,34,141.2,47.0,15.0,30.0,13.0,6.0,10.0,15.0,32.0,0.0,4.0,17.0,30.0,1.38,0.44,0.88,0.38,0.18,0.29,4.2,0.469,0.0,0.567,2.97,thanasis antetokounmpo
203897.0,Zach LaVine,39,1216.2,748.0,89.0,108.0,28.0,10.0,74.0,262.0,547.0,99.0,254.0,125.0,142.0,19.18,2.28,2.77,0.72,0.26,1.9,31.2,0.479,0.39,0.88,23.31,zach lavine
203903.0,Jordan Clarkson,72,1266.1,622.0,96.0,127.0,30.0,9.0,63.0,237.0,526.0,70.0,214.0,78.0,94.0,8.64,1.33,1.76,0.42,0.12,0.88,17.6,0.451,0.327,0.83,11.39,jordan clarkson
203914.0,Gary Harris,48,650.9,128.0,51.0,61.0,27.0,9.0,19.0,46.0,104.0,28.0,68.0,8.0,9.0,2.67,1.06,1.27,0.56,0.19,0.4,13.6,0.442,0.412,0.889,5.35,gary harris
203924.0,Jerami Grant,57,1683.9,1060.0,122.0,198.0,42.0,36.0,119.0,331.0,730.0,136.0,350.0,262.0,322.0,18.6,2.14,3.47,0.74,0.63,2.09,29.5,0.453,0.389,0.814,23.49,jerami grant
203926.0,Doug McDermott,29,433.1,164.0,22.0,37.0,6.0,4.0,13.0,54.0,139.0,48.0,123.0,8.0,9.0,5.66,0.76,1.28,0.21,0.14,0.45,14.9,0.388,0.39,0.889,7.6,doug mcdermott
203932.0,Aaron Gordon,36,997.4,582.0,96.0,209.0,21.0,10.0,38.0,198.0,398.0,61.0,157.0,125.0,163.0,16.17,2.67,5.81,0.58,0.28,1.06,27.7,0.497,0.389,0.767,24.45,aaron gordon
203935.0,Marcus Smart,63,1756.2,579.0,185.0,172.0,87.0,23.0,92.0,188.0,476.0,97.0,293.0,106.0,129.0,9.19,2.94,2.73,1.38,0.37,1.46,27.9,0.395,0.331,0.822,15.15,marcus smart
203937.0,Kyle Anderson,43,845.5,266.0,126.0,150.0,45.0,26.0,39.0,107.0,202.0,4.0,11.0,48.0,68.0,6.19,2.93,3.49,1.05,0.6,0.91,19.7,0.53,0.364,0.706,13.35,kyle anderson
203939.0,Dwight Powell,63,892.6,210.0,68.0,257.0,34.0,21.0,41.0,65.0,101.0,2.0,7.0,78.0,112.0,3.33,1.08,4.08,0.54,0.33,0.65,14.2,0.644,0.286,0.696,8.71,dwight powell
203944.0,Julius Randle,79,2595.4,1667.0,398.0,532.0,86.0,18.0,217.0,580.0,1207.0,109.0,346.0,398.0,496.0,21.1,5.04,6.73,1.09,0.23,2.75,32.9,0.481,0.315,0.802,31.44,julius randle
203952.0,Andrew Wiggins,68,2048.0,1045.0,182.0,329.0,76.0,69.0,103.0,390.0,821.0,138.0,333.0,127.0,162.0,15.37,2.68,4.84,1.12,1.01,1.51,30.1,0.475,0.414,0.784,23.51,andrew wiggins
203954.0,Joel Embiid,39,1195.2,1021.0,150.0,293.0,21.0,46.0,109.0,341.0,697.0,53.0,159.0,286.0,335.0,26.18,3.85,7.51,0.54,1.18,2.79,30.6,0.489,0.333,0.854,36.47,joel embiid
203991.0,Clint Capela,75,911.0,282.0,50.0,345.0,36.0,63.0,41.0,118.0,227.0,1.0,2.0,45.0,78.0,3.76,0.67,4.6,0.48,0.84,0.55,12.1,0.52,0.5,0.577,9.8,clint capela
203992.0,Bogdan Bogdanovic,23,447.2,171.0,51.0,59.0,10.0,3.0,27.0,59.0,152.0,33.0,95.0,20.0,25.0,7.43,2.22,2.57,0.43,0.13,1.17,19.4,0.388,0.347,0.8,11.61,bogdan bogdanovic
203994.0,Jusuf Nurkic,42,1075.0,447.0,196.0,425.0,52.0,22.0,101.0,180.0,358.0,25.0,71.0,62.0,113.0,10.64,4.67,10.12,1.24,0.52,2.4,25.6,0.503,0.352,0.549,24.79,jusuf nurkic
203999.0,Nikola Jokic,65,2252.9,1799.0,697.0,836.0,92.0,53.0,243.0,644.0,1132.0,112.0,295.0,399.0,480.0,27.68,10.72,12.86,1.42,0.82,3.74,34.7,0.569,0.38,0.831,49.76,nikola jokic
204001.0,Kristaps Porzingis,34,762.6,533.0,81.0,167.0,18.0,38.0,41.0,173.0,388.0,54.0,160.0,133.0,158.0,15.68,2.38,4.91,0.53,1.12,1.21,22.4,0.446,0.338,0.842,23.41,kristaps porzingis
204060.0,Joe Ingles,27,147.6,41.0,34.0,19.0,9.0,2.0,14.0,16.0,27.0,7.0,16.0,2.0,2.0,1.52,1.26,0.7,0.33,0.07,0.52,5.5,0.593,0.438,1.0,3.36,joe ingles
204456.0,T.J. McConnell,56,951.5,525.0,287.0,124.0,56.0,10.0,64.0,242.0,450.0,16.0,50.0,25.0,29.0,9.38,5.12,2.21,1.0,0.18,1.14,17.0,0.538,0.32,0.862,16.75,tj mcconnell
1626145.0,Tyus Jones,67,964.0,199.0,159.0,76.0,37.0,3.0,25.0,76.0,218.0,40.0,137.0,7.0,9.0,2.97,2.37,1.13,0.55,0.04,0.37,14.4,0.349,0.292,0.778,6.69,tyus jones
1626156.0,D'Angelo Russell,26,489.7,264.0,104.0,61.0,12.0,2.0,49.0,94.0,232.0,33.0,112.0,43.0,60.0,10.15,4.0,2.35,0.46,0.08,1.88,18.8,0.405,0.295,0.717,15.16,dangelo russell
1626157.0,Karl-Anthony Towns,75,2307.5,1504.0,226.0,889.0,65.0,40.0,187.0,517.0,1032.0,113.0,307.0,357.0,416.0,20.05,3.01,11.85,0.87,0.53,2.49,30.8,0.501,0.368,0.858,33.82,karl-anthony towns
1626162.0,Kelly Oubre Jr.,51,1565.0,705.0,80.0,252.0,68.0,24.0,69.0,254.0,544.0,86.0,239.0,111.0,145.0,13.82,1.57,4.94,1.33,0.47,1.35,30.7,0.467,0.36,0.766,20.78,kelly oubre
1626164.0,Devin Booker,64,2133.9,1668.0,386.0,248.0,51.0,18.0,201.0,546.0,1198.0,122.0,370.0,454.0,520.0,26.06,6.03,3.88,0.8,0.28,3.14,33.3,0.456,0.33,0.873,33.91,devin booker
1626166.0,Cameron Payne,22,370.2,163.0,58.0,44.0,24.0,7.0,11.0,56.0,149.0,32.0,97.0,19.0,22.0,7.41,2.64,2.0,1.09,0.32,0.5,16.8,0.376,0.33,0.864,12.96,cameron payne
1626167.0,Myles Turner,71,1897.9,846.0,103.0,378.0,50.0,115.0,83.0,284.0,646.0,147.0,384.0,131.0,177.0,11.92,1.45,5.32,0.7,1.62,1.17,26.7,0.44,0.383,0.74,19.84,myles turner
1626171.0,Bobby Portis,68,1607.2,915.0,105.0,428.0,41.0,12.0,66.0,366.0,750.0,135.0,296.0,48.0,68.0,13.46,1.54,6.29,0.6,0.18,0.97,23.6,0.488,0.456,0.706,21.1,bobby portis
1626172.0,Kevon Looney,21,302.5,59.0,34.0,118.0,9.0,10.0,9.0,25.0,60.0,2.0,13.0,7.0,10.0,2.81,1.62,5.62,0.43,0.48,0.43,14.4,0.417,0.154,0.7,10.53,kevon looney
1626181.0,Norman Powell,58,1704.6,1261.0,143.0,203.0,64.0,14.0,111.0,421.0,895.0,156.0,410.0,263.0,318.0,21.74,2.47,3.5,1.1,0.24,1.91,29.4,0.47,0.38,0.827,27.14,norman powell
1626192.0,Pat Connaughton,42,288.7,110.0,18.0,61.0,11.0,1.0,11.0,38.0,85.0,21.0,52.0,13.0,20.0,2.62,0.43,1.45,0.26,0.02,0.26,6.9,0.447,0.404,0.65,4.52,pat connaughton
1626204.0,Larry Nance Jr.,35,442.9,131.0,34.0,93.0,21.0,6.0,20.0,52.0,124.0,21.0,63.0,6.0,13.0,3.74,0.97,2.66,0.6,0.17,0.57,12.7,0.419,0.333,0.462,7.57,larry nance
1626220.0,Royce O'Neale,78,2197.1,765.0,208.0,372.0,84.0,32.0,103.0,263.0,625.0,212.0,520.0,27.0,38.0,9.81,2.67,4.77,1.08,0.41,1.32,28.2,0.421,0.408,0.711,17.42,royce oneale
1627734.0,Domantas Sabonis,19,559.4,301.0,78.0,216.0,18.0,4.0,51.0,120.0,221.0,5.0,27.0,56.0,77.0,15.84,4.11,11.37,0.95,0.21,2.68,29.4,0.543,0.185,0.727,29.8,domantas sabonis
1627739.0,Kris Dunn,82,2213.2,596.0,295.0,271.0,131.0,14.0,111.0,227.0,477.0,80.0,214.0,62.0,81.0,7.27,3.6,3.3,1.6,0.17,1.35,27.0,0.476,0.374,0.765,14.59,kris dunn
1627741.0,Buddy Hield,51,808.8,390.0,71.0,116.0,39.0,9.0,48.0,143.0,327.0,74.0,212.0,30.0,37.0,7.65,1.39,2.27,0.76,0.18,0.94,15.9,0.437,0.349,0.811,11.31,buddy hield
1627742.0,Brandon Ingram,77,2589.5,1655.0,284.0,430.0,58.0,55.0,187.0,614.0,1288.0,135.0,353.0,292.0,356.0,21.49,3.69,5.58,0.75,0.71,2.43,33.6,0.477,0.382,0.82,29.79,brandon ingram
1627747.0,Caris LeVert,60,1145.1,443.0,159.0,117.0,51.0,41.0,82.0,163.0,391.0,60.0,180.0,57.0,84.0,7.38,2.65,1.95,0.85,0.68,1.37,19.1,0.417,0.333,0.679,12.14,caris levert
1627749.0,Dejounte Murray,14,386.0,234.0,89.0,75.0,23.0,3.0,47.0,88.0,182.0,19.0,62.0,39.0,45.0,16.71,6.36,5.36,1.64,0.21,3.36,27.6,0.484,0.306,0.867,26.92,dejounte murray
1627750.0,Jamal Murray,75,2636.7,1905.0,535.0,330.0,66.0,29.0,171.0,657.0,1360.0,245.0,563.0,346.0,390.0,25.4,7.13,4.4,0.88,0.39,2.28,35.2,0.483,0.435,0.887,35.92,jamal murray
1627751.0,Jakob Poeltl,46,1139.8,493.0,93.0,323.0,40.0,32.0,57.0,217.0,310.0,0.0,0.0,59.0,98.0,10.72,2.02,7.02,0.87,0.7,1.24,24.8,0.7,,0.602,20.09,jakob poeltl
1627752.0,Taurean Prince,26,605.6,239.0,46.0,81.0,16.0,6.0,31.0,86.0,191.0,61.0,140.0,6.0,6.0,9.19,1.77,3.12,0.62,0.23,1.19,23.3,0.45,0.436,1.0,13.74,taurean prince
1627759.0,Jaylen Brown,71,2428.9,2038.0,364.0,492.0,72.0,27.0,259.0,736.0,1543.0,140.0,404.0,426.0,536.0,28.7,5.13,6.93,1.01,0.38,3.65,34.2,0.477,0.347,0.795,38.5,jaylen brown
1627780.0,Gary Payton II,73,1127.0,547.0,123.0,265.0,67.0,21.0,62.0,242.0,415.0,37.0,127.0,26.0,40.0,7.49,1.68,3.63,0.92,0.29,0.85,15.4,0.583,0.291,0.65,13.16,gary payton
1627783.0,Pascal Siakam,62,2043.6,1485.0,236.0,411.0,69.0,25.0,138.0,559.0,1155.0,105.0,293.0,262.0,378.0,23.95,3.81,6.63,1.11,0.4,2.23,33.0,0.484,0.358,0.693,33.67,pascal siakam
1627824.0,Guerschon Yabusele,67,993.4,373.0,63.0,234.0,26.0,16.0,41.0,125.0,312.0,69.0,196.0,54.0,72.0,5.57,0.94,3.49,0.39,0.24,0.61,14.8,0.401,0.352,0.75,10.02,guerschon yabusele
1627826.0,Ivica Zubac,49,1437.6,677.0,105.0,509.0,18.0,40.0,86.0,288.0,482.0,0.0,0.0,101.0,142.0,13.82,2.14,10.39,0.37,0.82,1.76,29.3,0.598,,0.711,25.78,ivica zubac
1627827.0,Dorian Finney-Smith,37,613.8,123.0,36.0,93.0,16.0,6.0,22.0,44.0,132.0,27.0,100.0,8.0,9.0,3.32,0.97,2.51,0.43,0.16,0.59,16.6,0.333,0.27,0.889,6.8,dorian finney-smith
1627884.0,Derrick Jones Jr.,50,1340.1,504.0,69.0,173.0,45.0,50.0,40.0,189.0,379.0,55.0,153.0,71.0,93.0,10.08,1.38,3.46,0.9,1.0,0.8,26.8,0.499,0.359,0.763,16.02,derrick jones
1627936.0,Alex Caruso,56,1008.6,348.0,110.0,155.0,72.0,17.0,48.0,127.0,300.0,53.0,181.0,41.0,51.0,6.21,1.96,2.77,1.29,0.3,0.86,18.0,0.423,0.293,0.804,11.67,alex caruso
1628366.0,Lonzo Ball,35,721.4,160.0,136.0,140.0,45.0,9.0,52.0,53.0,176.0,40.0,147.0,14.0,21.0,4.57,3.89,4.0,1.29,0.26,1.49,20.6,0.301,0.272,0.667,12.52,lonzo ball
1628368.0,De'Aaron Fox,72,2217.8,1336.0,445.0,270.0,89.0,19.0,164.0,509.0,1047.0,131.0,395.0,187.0,246.0,18.56,6.18,3.75,1.24,0.26,2.28,30.8,0.486,0.332,0.76,27.71,deaaron fox
1628369.0,Jayson Tatum,16,518.7,348.0,85.0,160.0,22.0,3.0,39.0,118.0,287.0,47.0,143.0,65.0,79.0,21.75,5.31,10.0,1.38,0.19,2.44,32.4,0.411,0.329,0.823,36.19,jayson tatum
1628370.0,Malik Monk,62,1351.0,772.0,185.0,117.0,37.0,24.0,91.0,277.0,632.0,124.0,314.0,94.0,107.0,12.45,2.98,1.89,0.6,0.39,1.47,21.8,0.438,0.395,0.879,16.84,malik monk
1628371.0,Jonathan Isaac,52,510.1,134.0,22.0,132.0,20.0,31.0,18.0,46.0,109.0,7.0,38.0,35.0,58.0,2.58,0.42,2.54,0.38,0.6,0.35,9.8,0.422,0.184,0.603,6.17,jonathan isaac
1628374.0,Lauri Markkanen,43,1433.6,1123.0,89.0,289.0,42.0,21.0,63.0,384.0,805.0,115.0,324.0,240.0,268.0,26.12,2.07,6.72,0.98,0.49,1.47,33.3,0.477,0.355,0.896,34.91,lauri markkanen
1628378.0,Donovan Mitchell,70,2327.6,1952.0,398.0,316.0,104.0,20.0,198.0,678.0,1403.0,224.0,616.0,372.0,430.0,27.89,5.69,4.51,1.49,0.29,2.83,33.3,0.483,0.364,0.865,37.04,donovan mitchell
1628379.0,Luke Kennard,78,1664.3,652.0,174.0,182.0,55.0,8.0,60.0,236.0,443.0,117.0,245.0,63.0,69.0,8.36,2.23,2.33,0.71,0.1,0.77,21.3,0.533,0.478,0.913,12.96,luke kennard
1628380.0,Zach Collins,10,181.0,97.0,15.0,56.0,2.0,4.0,10.0,37.0,64.0,9.0,21.0,14.0,20.0,9.7,1.5,5.6,0.2,0.4,1.0,18.1,0.578,0.429,0.7,16.4,zach collins
1628381.0,John Collins,69,1857.7,935.0,70.0,367.0,60.0,51.0,95.0,364.0,659.0,89.0,219.0,118.0,154.0,13.55,1.01,5.32,0.87,0.74,1.38,26.9,0.552,0.406,0.766,20.11,john collins
1628384.0,OG Anunoby,67,2210.3,1118.0,145.0,351.0,104.0,48.0,123.0,389.0,804.0,157.0,407.0,183.0,221.0,16.69,2.16,5.24,1.55,0.72,1.84,33.0,0.484,0.386,0.828,24.52,og anunoby
1628386.0,Jarrett Allen,56,1507.9,860.0,100.0,476.0,55.0,47.0,75.0,337.0,528.0,1.0,10.0,185.0,261.0,15.36,1.79,8.5,0.98,0.84,1.34,26.9,0.638,0.1,0.709,26.13,jarrett allen
1628389.0,Bam Adebayo,73,2351.6,1468.0,232.0,732.0,86.0,49.0,120.0,506.0,1145.0,127.0,400.0,329.0,423.0,20.11,3.18,10.03,1.18,0.67,1.64,32.2,0.442,0.318,0.778,33.53,bam adebayo
1628392.0,Isaiah Hartenstein,47,1127.7,432.0,166.0,443.0,48.0,36.0,82.0,184.0,296.0,0.0,7.0,64.0,105.0,9.19,3.53,9.43,1.02,0.77,1.74,24.0,0.622,0.0,0.61,22.2,isaiah hartenstein
1628396.0,Tony Bradley,41,442.4,162.0,22.0,116.0,6.0,7.0,18.0,64.0,117.0,2.0,4.0,32.0,43.0,3.95,0.54,2.83,0.15,0.17,0.44,10.8,0.547,0.5,0.744,7.2,tony bradley
1628398.0,Kyle Kuzma,69,1791.5,896.0,184.0,313.0,46.0,28.0,119.0,339.0,689.0,83.0,239.0,135.0,186.0,12.99,2.67,4.54,0.67,0.41,1.72,26.0,0.492,0.347,0.726,19.56,kyle kuzma
1628401.0,Derrick White,77,2611.0,1267.0,414.0,339.0,88.0,98.0,134.0,437.0,1108.0,209.0,640.0,184.0,204.0,16.45,5.38,4.4,1.14,1.27,1.74,33.9,0.394,0.327,0.902,26.9,derrick white
1628404.0,Josh Hart,66,1979.8,792.0,317.0,486.0,75.0,17.0,128.0,301.0,592.0,100.0,242.0,90.0,125.0,12.0,4.8,7.36,1.14,0.26,1.94,30.0,0.508,0.413,0.72,23.62,josh hart
1628415.0,Dillon Brooks,56,1689.8,1131.0,99.0,203.0,57.0,9.0,98.0,417.0,959.0,127.0,369.0,170.0,202.0,20.2,1.77,3.62,1.02,0.16,1.75,30.2,0.435,0.344,0.842,25.02,dillon brooks
1628418.0,Thomas Bryant,60,721.1,370.0,33.0,205.0,18.0,27.0,28.0,135.0,267.0,47.0,131.0,53.0,66.0,6.17,0.55,3.42,0.3,0.45,0.47,12.0,0.506,0.359,0.803,10.42,thomas bryant
1628436.0,Luke Kornet,69,1418.4,444.0,126.0,414.0,32.0,65.0,28.0,175.0,272.0,0.0,0.0,94.0,114.0,6.43,1.83,6.0,0.46,0.94,0.41,20.6,0.643,,0.825,15.25,luke kornet
1628467.0,Maxi Kleber,43,453.0,86.0,27.0,84.0,18.0,11.0,17.0,33.0,73.0,6.0,26.0,14.0,26.0,2.0,0.63,1.95,0.42,0.26,0.4,10.5,0.452,0.231,0.538,4.86,maxi kleber
1628502.0,Nigel Hayes-Davis,27,190.7,34.0,7.0,33.0,8.0,2.0,8.0,15.0,46.0,2.0,16.0,2.0,4.0,1.26,0.26,1.22,0.3,0.07,0.3,7.1,0.326,0.125,0.5,2.81,nigel hayes-davis
1628960.0,Grayson Allen,51,1457.2,841.0,195.0,155.0,69.0,13.0,83.0,269.0,667.0,159.0,455.0,144.0,168.0,16.49,3.82,3.04,1.35,0.25,1.63,28.6,0.403,0.349,0.857,23.32,grayson allen
1628963.0,Marvin Bagley III,61,1188.9,627.0,85.0,366.0,28.0,43.0,61.0,254.0,411.0,24.0,52.0,95.0,144.0,10.28,1.39,6.0,0.46,0.7,1.0,19.5,0.618,0.462,0.66,17.83,marvin bagley
1628969.0,Mikal Bridges,82,2676.0,1181.0,304.0,312.0,107.0,62.0,83.0,472.0,963.0,156.0,420.0,81.0,98.0,14.4,3.71,3.8,1.3,0.76,1.01,32.6,0.49,0.371,0.827,22.96,mikal bridges
1628970.0,Miles Bridges,77,2371.6,1314.0,246.0,450.0,46.0,34.0,107.0,479.0,1042.0,148.0,445.0,208.0,253.0,17.06,3.19,5.84,0.6,0.44,1.39,30.8,0.46,0.333,0.822,25.74,miles bridges
1628971.0,Bruce Brown,82,1982.7,649.0,174.0,318.0,85.0,20.0,91.0,248.0,522.0,57.0,148.0,96.0,126.0,7.91,2.12,3.88,1.04,0.24,1.11,24.2,0.475,0.385,0.762,14.08,bruce brown
1628973.0,Jalen Brunson,74,2573.5,1927.0,503.0,247.0,57.0,8.0,175.0,689.0,1475.0,195.0,528.0,354.0,421.0,26.04,6.8,3.34,0.77,0.11,2.36,34.8,0.467,0.369,0.841,34.7,jalen brunson
1628975.0,Jevon Carter,53,858.5,339.0,87.0,89.0,40.0,10.0,36.0,123.0,307.0,78.0,215.0,15.0,19.0,6.4,1.64,1.68,0.75,0.19,0.68,16.2,0.401,0.363,0.789,9.98,jevon carter
1628976.0,Wendell Carter Jr.,78,2271.4,922.0,154.0,577.0,60.0,49.0,100.0,326.0,637.0,72.0,226.0,198.0,250.0,11.82,1.97,7.4,0.77,0.63,1.28,29.1,0.512,0.319,0.792,21.31,wendell carter
1628978.0,Donte DiVincenzo,82,2479.2,1000.0,313.0,336.0,104.0,34.0,118.0,339.0,835.0,244.0,644.0,78.0,105.0,12.2,3.82,4.1,1.27,0.41,1.44,30.2,0.406,0.379,0.743,20.36,donte divincenzo
1628983.0,Shai Gilgeous-Alexander,68,2245.0,2117.0,448.0,292.0,95.0,52.0,151.0,731.0,1321.0,115.0,298.0,540.0,614.0,31.13,6.59,4.29,1.4,0.76,2.22,33.0,0.553,0.386,0.879,41.95,shai gilgeous-alexander
1628988.0,Aaron Holiday,57,771.3,312.0,60.0,58.0,27.0,5.0,38.0,105.0,252.0,67.0,170.0,35.0,41.0,5.47,1.05,1.02,0.47,0.09,0.67,13.5,0.417,0.394,0.854,7.43,aaron holiday
1628989.0,Kevin Huerter,69,1533.5,693.0,178.0,240.0,63.0,33.0,72.0,269.0,596.0,100.0,325.0,55.0,71.0,10.04,2.58,3.48,0.91,0.48,1.04,22.2,0.451,0.308,0.775,16.45,kevin huerter
1628991.0,Jaren Jackson Jr.,49,1446.0,931.0,94.0,272.0,53.0,69.0,107.0,342.0,719.0,84.0,235.0,163.0,203.0,19.0,1.92,5.55,1.08,1.41,2.18,29.5,0.476,0.357,0.803,26.78,jaren jackson
1628997.0,Caleb Martin,59,844.9,227.0,81.0,143.0,40.0,15.0,40.0,85.0,189.0,20.0,57.0,37.0,61.0,3.85,1.37,2.42,0.68,0.25,0.68,14.3,0.45,0.351,0.607,7.89,caleb martin
1629001.0,De'Anthony Melton,49,1115.2,602.0,125.0,158.0,77.0,20.0,91.0,215.0,528.0,72.0,245.0,100.0,121.0,12.29,2.55,3.22,1.57,0.41,1.86,22.8,0.407,0.294,0.826,18.18,deanthony melton
1629004.0,Svi Mykhailiuk,50,1146.6,469.0,93.0,124.0,26.0,3.0,42.0,173.0,362.0,98.0,240.0,25.0,28.0,9.38,1.86,2.48,0.52,0.06,0.84,22.9,0.478,0.408,0.893,13.46,svi mykhailiuk
1629006.0,Josh Okogie,78,1337.1,353.0,69.0,200.0,63.0,16.0,41.0,125.0,294.0,62.0,161.0,41.0,69.0,4.53,0.88,2.56,0.81,0.21,0.53,17.1,0.425,0.385,0.594,8.46,josh okogie
1629008.0,Michael Porter Jr.,53,1678.4,1259.0,158.0,367.0,55.0,13.0,122.0,444.0,958.0,176.0,485.0,195.0,227.0,23.75,2.98,6.92,1.04,0.25,2.3,31.7,0.463,0.363,0.859,32.64,michael porter
1629011.0,Mitchell Robinson,60,1163.1,340.0,52.0,525.0,56.0,70.0,41.0,149.0,206.0,0.0,0.0,42.0,103.0,5.67,0.87,8.75,0.93,1.17,0.68,19.4,0.723,,0.408,16.71,mitchell robinson
1629012.0,Collin Sexton,68,1599.5,1050.0,223.0,155.0,76.0,10.0,141.0,360.0,742.0,112.0,279.0,218.0,255.0,15.44,3.28,2.28,1.12,0.15,2.07,23.5,0.485,0.401,0.855,20.2,collin sexton
1629013.0,Landry Shamet,51,1160.2,475.0,72.0,92.0,31.0,9.0,30.0,159.0,364.0,103.0,263.0,54.0,76.0,9.31,1.41,1.8,0.61,0.18,0.59,22.7,0.437,0.392,0.711,12.72,landry shamet
1629014.0,Anfernee Simons,55,1360.0,785.0,134.0,135.0,27.0,8.0,68.0,285.0,648.0,146.0,379.0,69.0,77.0,14.27,2.44,2.45,0.49,0.15,1.24,24.7,0.44,0.385,0.896,18.56,anfernee simons
1629018.0,Gary Trent Jr.,66,1364.0,529.0,79.0,67.0,34.0,3.0,41.0,183.0,473.0,123.0,342.0,40.0,52.0,8.02,1.2,1.02,0.52,0.05,0.62,20.7,0.387,0.36,0.769,10.19,gary trent
1629020.0,Jarred Vanderbilt,65,1115.5,288.0,84.0,292.0,55.0,19.0,56.0,113.0,240.0,29.0,99.0,33.0,56.0,4.43,1.29,4.49,0.85,0.29,0.86,17.2,0.471,0.293,0.589,10.49,jarred vanderbilt
1629021.0,Moritz Wagner,36,420.0,247.0,27.0,115.0,15.0,2.0,19.0,83.0,195.0,22.0,70.0,59.0,72.0,6.86,0.75,3.19,0.42,0.06,0.53,11.7,0.426,0.314,0.819,10.75,moritz wagner
1629023.0,P.J. Washington,56,1724.6,793.0,98.0,394.0,55.0,60.0,94.0,296.0,658.0,76.0,234.0,125.0,182.0,14.16,1.75,7.04,0.98,1.07,1.68,30.8,0.45,0.325,0.687,23.32,pj washington
1629026.0,Kenrich Williams,56,843.9,363.0,79.0,187.0,31.0,5.0,43.0,140.0,296.0,50.0,129.0,33.0,52.0,6.48,1.41,3.34,0.55,0.09,0.77,15.1,0.473,0.388,0.635,11.1,kenrich williams
1629027.0,Trae Young,15,381.8,269.0,120.0,30.0,13.0,2.0,39.0,81.0,177.0,27.0,80.0,80.0,97.0,17.93,8.0,2.0,0.87,0.13,2.6,25.5,0.458,0.338,0.825,26.33,trae young
1629028.0,Deandre Ayton,72,1942.2,897.0,59.0,575.0,41.0,70.0,83.0,403.0,601.0,0.0,0.0,91.0,141.0,12.46,0.82,7.99,0.57,0.97,1.15,27.0,0.671,,0.645,21.66,deandre ayton
1629029.0,Luka Doncic,65,2274.4,2143.0,530.0,495.0,105.0,34.0,255.0,693.0,1457.0,254.0,694.0,503.0,645.0,32.97,8.15,7.62,1.62,0.52,3.92,35.0,0.476,0.366,0.78,46.96,luka doncic
1629048.0,Goga Bitadze,64,960.4,375.0,84.0,320.0,37.0,61.0,43.0,152.0,225.0,2.0,11.0,69.0,97.0,5.86,1.31,5.0,0.58,0.95,0.67,15.0,0.676,0.182,0.711,13.03,goga bitadze
1629057.0,Robert Williams III,59,996.5,397.0,60.0,415.0,35.0,87.0,49.0,177.0,250.0,9.0,23.0,34.0,57.0,6.73,1.02,7.03,0.59,1.47,0.83,16.9,0.708,0.391,0.596,16.01,robert williams
1629060.0,Rui Hachimura,68,1912.4,780.0,57.0,226.0,39.0,21.0,42.0,307.0,597.0,116.0,262.0,50.0,72.0,11.47,0.84,3.32,0.57,0.31,0.62,28.1,0.514,0.443,0.694,15.89,rui hachimura
1629111.0,Jock Landale,68,1492.1,718.0,115.0,387.0,35.0,36.0,60.0,282.0,548.0,74.0,193.0,80.0,126.0,10.56,1.69,5.69,0.51,0.53,0.88,21.9,0.515,0.383,0.635,18.1,jock landale
1629130.0,Duncan Robinson,77,2097.9,939.0,159.0,205.0,44.0,22.0,54.0,318.0,698.0,220.0,536.0,83.0,110.0,12.19,2.06,2.66,0.57,0.29,0.7,27.2,0.456,0.41,0.755,17.07,duncan robinson
1629162.0,Jordan McLaughlin,44,273.4,89.0,38.0,32.0,20.0,2.0,15.0,33.0,79.0,17.0,40.0,6.0,7.0,2.02,0.86,0.73,0.45,0.05,0.34,6.2,0.418,0.425,0.857,3.77,jordan mclaughlin
1629216.0,Gabe Vincent,53,870.2,231.0,76.0,54.0,27.0,3.0,27.0,76.0,216.0,59.0,173.0,20.0,23.0,4.36,1.43,1.02,0.51,0.06,0.51,16.4,0.352,0.341,0.87,6.87,gabe vincent
1629234.0,Drew Eubanks,42,542.2,219.0,19.0,127.0,15.0,26.0,30.0,93.0,156.0,1.0,7.0,32.0,57.0,5.21,0.45,3.02,0.36,0.62,0.71,12.9,0.596,0.143,0.561,8.95,drew eubanks
1629599.0,Amir Coffey,46,481.5,149.0,27.0,57.0,9.0,5.0,9.0,55.0,113.0,17.0,49.0,22.0,28.0,3.24,0.59,1.24,0.2,0.11,0.2,10.5,0.487,0.347,0.786,5.18,amir coffey
1629611.0,Terance Mann,64,1516.6,455.0,190.0,200.0,41.0,15.0,71.0,168.0,368.0,56.0,154.0,63.0,80.0,7.11,2.97,3.12,0.64,0.23,1.11,23.7,0.457,0.364,0.788,12.96,terance mann
1629614.0,Andrew Nembhard,57,1774.6,966.0,437.0,160.0,51.0,8.0,137.0,333.0,753.0,107.0,296.0,193.0,234.0,16.95,7.67,2.81,0.89,0.14,2.4,31.1,0.442,0.361,0.825,26.06,andrew nembhard
1629618.0,Jalen Pickett,50,795.9,260.0,115.0,114.0,13.0,5.0,34.0,98.0,232.0,49.0,127.0,15.0,19.0,5.2,2.3,2.28,0.26,0.1,0.68,15.9,0.422,0.386,0.789,9.46,jalen pickett
1629622.0,Max Strus,12,285.4,134.0,24.0,65.0,3.0,0.0,9.0,47.0,106.0,33.0,82.0,7.0,9.0,11.17,2.0,5.42,0.25,0.0,0.75,23.8,0.443,0.402,0.778,18.09,max strus
1629627.0,Zion Williamson,62,1828.6,1302.0,199.0,353.0,60.0,34.0,126.0,484.0,807.0,1.0,4.0,333.0,465.0,21.0,3.21,5.69,0.97,0.55,2.03,29.5,0.6,0.25,0.716,29.39,zion williamson
1629628.0,RJ Barrett,57,1714.2,1098.0,189.0,300.0,42.0,19.0,99.0,401.0,816.0,96.0,283.0,200.0,279.0,19.26,3.32,5.26,0.74,0.33,1.74,30.1,0.491,0.339,0.717,27.17,rj barrett
1629630.0,Ja Morant,20,563.9,389.0,161.0,65.0,20.0,6.0,71.0,132.0,322.0,20.0,85.0,105.0,117.0,19.45,8.05,3.25,1.0,0.3,3.55,28.2,0.41,0.235,0.897,28.5,ja morant
1629631.0,De'Andre Hunter,45,1167.7,615.0,90.0,185.0,30.0,6.0,75.0,208.0,501.0,75.0,246.0,124.0,143.0,13.67,2.0,4.11,0.67,0.13,1.67,25.9,0.415,0.305,0.867,18.91,deandre hunter
1629632.0,Coby White,50,1240.3,868.0,200.0,170.0,25.0,5.0,128.0,278.0,623.0,115.0,318.0,197.0,241.0,17.36,4.0,3.4,0.5,0.1,2.56,24.8,0.446,0.362,0.817,22.8,coby white
1629636.0,Darius Garland,45,1336.2,845.0,301.0,107.0,43.0,8.0,130.0,309.0,672.0,122.0,308.0,105.0,122.0,18.78,6.69,2.38,0.96,0.18,2.89,29.7,0.46,0.396,0.861,26.1,darius garland
1629637.0,Jaxson Hayes,66,1193.2,497.0,59.0,271.0,29.0,52.0,31.0,198.0,262.0,3.0,3.0,98.0,150.0,7.53,0.89,4.11,0.44,0.79,0.47,18.1,0.756,1.0,0.653,13.29,jaxson hayes
1629638.0,Nickeil Alexander-Walker,78,2588.7,1624.0,286.0,268.0,102.0,42.0,162.0,548.0,1195.0,251.0,629.0,277.0,307.0,20.82,3.67,3.44,1.31,0.54,2.08,33.2,0.459,0.399,0.902,27.7,nickeil alexander-walker
1629639.0,Tyler Herro,33,1027.2,677.0,136.0,158.0,23.0,12.0,64.0,247.0,515.0,84.0,222.0,99.0,108.0,20.52,4.12,4.79,0.7,0.36,1.94,31.1,0.48,0.378,0.917,28.55,tyler herro
1629640.0,Keldon Johnson,82,1895.7,1081.0,111.0,440.0,46.0,11.0,70.0,414.0,797.0,99.0,273.0,154.0,194.0,13.18,1.35,5.37,0.56,0.13,0.85,23.1,0.519,0.363,0.794,19.74,keldon johnson
1629645.0,Kevin Porter Jr.,39,1253.8,661.0,280.0,198.0,83.0,19.0,110.0,239.0,514.0,46.0,143.0,137.0,156.0,16.95,7.18,5.08,2.13,0.49,2.82,32.1,0.465,0.322,0.878,29.01,kevin porter
1629646.0,Charles Bassey,13,150.4,76.0,7.0,57.0,4.0,11.0,6.0,31.0,47.0,0.0,0.0,14.0,20.0,5.85,0.54,4.38,0.31,0.85,0.46,11.6,0.66,,0.7,11.47,charles bassey
1629651.0,Nic Claxton,69,1907.0,810.0,253.0,478.0,45.0,77.0,96.0,333.0,583.0,3.0,19.0,141.0,229.0,11.74,3.67,6.93,0.65,1.12,1.39,27.6,0.571,0.158,0.616,22.72,nic claxton
1629652.0,Luguentz Dort,69,1836.0,576.0,85.0,245.0,62.0,27.0,54.0,202.0,524.0,128.0,372.0,44.0,58.0,8.35,1.23,3.55,0.9,0.39,0.78,26.6,0.385,0.344,0.759,13.64,luguentz dort
1629655.0,Daniel Gafford,55,1184.3,524.0,58.0,378.0,42.0,69.0,63.0,207.0,316.0,0.0,0.0,110.0,161.0,9.53,1.05,6.87,0.76,1.25,1.15,21.5,0.655,,0.683,18.31,daniel gafford
1629656.0,Quentin Grimes,75,2188.7,1006.0,244.0,273.0,64.0,28.0,133.0,340.0,755.0,127.0,380.0,199.0,237.0,13.41,3.25,3.64,0.85,0.37,1.77,29.2,0.45,0.334,0.84,19.75,quentin grimes
1629660.0,Ty Jerome,15,334.8,295.0,85.0,42.0,16.0,4.0,27.0,102.0,215.0,42.0,100.0,49.0,56.0,19.67,5.67,2.8,1.07,0.27,1.8,22.3,0.474,0.42,0.875,27.68,ty jerome
1629661.0,Cameron Johnson,54,1636.2,660.0,132.0,206.0,40.0,21.0,47.0,228.0,475.0,110.0,256.0,94.0,112.0,12.22,2.44,3.81,0.74,0.39,0.87,30.3,0.48,0.43,0.839,18.73,cameron johnson
1629673.0,Jordan Poole,39,926.0,524.0,119.0,77.0,22.0,15.0,69.0,165.0,444.0,96.0,288.0,98.0,114.0,13.44,3.05,1.97,0.56,0.38,1.77,23.7,0.372,0.333,0.86,17.63,jordan poole
1629674.0,Neemias Queta,76,1911.3,776.0,126.0,636.0,60.0,100.0,75.0,326.0,499.0,1.0,8.0,123.0,175.0,10.21,1.66,8.37,0.79,1.32,0.99,25.1,0.653,0.125,0.703,21.36,neemias queta
1629675.0,Naz Reid,77,1992.4,1046.0,170.0,477.0,76.0,78.0,126.0,397.0,871.0,162.0,448.0,90.0,123.0,13.58,2.21,6.19,0.99,1.01,1.64,25.9,0.456,0.362,0.732,22.34,naz reid
1629680.0,Matisse Thybulle,30,474.2,174.0,27.0,59.0,60.0,16.0,28.0,58.0,134.0,37.0,93.0,21.0,25.0,5.8,0.9,1.97,2.0,0.53,0.93,15.8,0.433,0.398,0.84,10.27,matisse thybulle
1629684.0,Grant Williams,36,703.7,252.0,56.0,142.0,17.0,18.0,31.0,78.0,183.0,52.0,134.0,44.0,54.0,7.0,1.56,3.94,0.47,0.5,0.86,19.5,0.426,0.388,0.815,12.61,grant williams
1629723.0,John Konchar,56,1102.8,248.0,118.0,240.0,83.0,38.0,35.0,94.0,199.0,28.0,99.0,32.0,44.0,4.43,2.11,4.29,1.48,0.68,0.62,19.7,0.472,0.283,0.727,12.37,john konchar
1629726.0,Garrison Mathews,15,193.3,78.0,10.0,17.0,6.0,3.0,3.0,21.0,52.0,17.0,46.0,19.0,23.0,5.2,0.67,1.13,0.4,0.2,0.2,12.9,0.404,0.37,0.826,7.4,garrison mathews
1629731.0,Dean Wade,59,1305.0,342.0,88.0,247.0,44.0,23.0,16.0,122.0,278.0,71.0,196.0,27.0,38.0,5.8,1.49,4.19,0.75,0.39,0.27,22.1,0.439,0.362,0.711,12.35,dean wade
1629750.0,Javonte Green,82,1431.2,569.0,56.0,230.0,102.0,25.0,45.0,185.0,414.0,94.0,247.0,105.0,125.0,6.94,0.68,2.8,1.24,0.3,0.55,17.5,0.447,0.381,0.84,11.41,javonte green
1630162.0,Anthony Edwards,61,2126.8,1757.0,226.0,302.0,83.0,49.0,174.0,602.0,1231.0,205.0,514.0,348.0,437.0,28.8,3.7,4.95,1.36,0.8,2.85,34.9,0.489,0.399,0.796,36.76,anthony edwards
1630163.0,LaMelo Ball,72,2003.3,1445.0,514.0,347.0,87.0,17.0,202.0,506.0,1244.0,272.0,740.0,161.0,179.0,20.07,7.14,4.82,1.21,0.24,2.81,27.8,0.407,0.368,0.899,30.67,lamelo ball
1630165.0,Killian Hayes,23,400.9,127.0,81.0,54.0,21.0,4.0,28.0,42.0,138.0,17.0,63.0,26.0,28.0,5.52,3.52,2.35,0.91,0.17,1.22,17.4,0.304,0.27,0.929,11.25,killian hayes
1630166.0,Deni Avdija,66,2185.6,1598.0,442.0,454.0,51.0,41.0,253.0,492.0,1064.0,125.0,393.0,489.0,610.0,24.21,6.7,6.88,0.77,0.62,3.83,33.1,0.462,0.318,0.802,35.35,deni avdija
1630167.0,Obi Toppin,24,418.2,279.0,55.0,106.0,12.0,1.0,28.0,100.0,199.0,37.0,105.0,42.0,46.0,11.62,2.29,4.42,0.5,0.04,1.17,17.4,0.503,0.352,0.913,17.7,obi toppin
1630168.0,Onyeka Okongwu,74,2280.6,1123.0,231.0,562.0,82.0,79.0,127.0,413.0,860.0,144.0,383.0,153.0,202.0,15.18,3.12,7.59,1.11,1.07,1.72,30.8,0.48,0.376,0.757,26.35,onyeka okongwu
1630170.0,Devin Vassell,67,2030.9,932.0,167.0,269.0,57.0,25.0,60.0,330.0,755.0,166.0,433.0,106.0,130.0,13.91,2.49,4.01,0.85,0.37,0.9,30.3,0.437,0.383,0.815,20.73,devin vassell
1630171.0,Isaac Okoro,63,1681.3,584.0,100.0,173.0,46.0,29.0,46.0,211.0,459.0,73.0,221.0,89.0,112.0,9.27,1.59,2.75,0.73,0.46,0.73,26.7,0.46,0.33,0.795,14.07,isaac okoro
1630172.0,Patrick Williams,72,1459.9,505.0,105.0,215.0,49.0,26.0,75.0,178.0,478.0,95.0,274.0,54.0,75.0,7.01,1.46,2.99,0.68,0.36,1.04,20.3,0.372,0.347,0.72,11.46,patrick williams
1630173.0,Precious Achiuwa,73,1730.7,736.0,101.0,492.0,65.0,50.0,65.0,316.0,598.0,27.0,97.0,77.0,139.0,10.08,1.38,6.74,0.89,0.68,0.89,23.7,0.528,0.278,0.554,18.88,precious achiuwa
1630174.0,Aaron Nesmith,45,1327.0,621.0,86.0,187.0,26.0,23.0,63.0,212.0,512.0,105.0,277.0,92.0,111.0,13.8,1.91,4.16,0.58,0.51,1.4,29.5,0.414,0.379,0.829,19.56,aaron nesmith
1630175.0,Cole Anthony,35,519.2,234.0,121.0,87.0,20.0,11.0,65.0,98.0,231.0,22.0,72.0,16.0,26.0,6.69,3.46,2.49,0.57,0.31,1.86,14.8,0.424,0.306,0.615,11.66,cole anthony
1630178.0,Tyrese Maxey,71,2646.3,1980.0,461.0,290.0,130.0,55.0,171.0,694.0,1501.0,220.0,599.0,372.0,417.0,27.89,6.49,4.08,1.83,0.77,2.41,37.3,0.462,0.367,0.892,38.65,tyrese maxey
1630180.0,Saddiq Bey,72,2231.8,1271.0,182.0,400.0,68.0,7.0,68.0,436.0,967.0,151.0,412.0,248.0,295.0,17.65,2.53,5.56,0.94,0.1,0.94,31.0,0.451,0.367,0.841,25.84,saddiq bey
1630182.0,Josh Green,58,896.8,249.0,47.0,102.0,35.0,6.0,35.0,83.0,181.0,58.0,138.0,25.0,28.0,4.29,0.81,1.76,0.6,0.1,0.6,15.5,0.459,0.42,0.893,6.96,josh green
1630183.0,Jaden McDaniels,73,2301.9,1084.0,199.0,310.0,81.0,73.0,131.0,417.0,809.0,103.0,250.0,147.0,176.0,14.85,2.73,4.25,1.11,1.0,1.79,31.5,0.515,0.412,0.835,22.15,jaden mcdaniels
1630188.0,Jalen Smith,53,1085.2,541.0,65.0,355.0,24.0,42.0,53.0,195.0,404.0,82.0,220.0,69.0,93.0,10.21,1.23,6.7,0.45,0.79,1.0,20.5,0.483,0.373,0.742,18.38,jalen smith
1630191.0,Isaiah Stewart,58,1305.9,581.0,66.0,290.0,16.0,93.0,67.0,221.0,402.0,40.0,120.0,99.0,131.0,10.02,1.14,5.0,0.28,1.6,1.16,22.5,0.55,0.333,0.756,16.88,isaiah stewart
1630192.0,Zeke Nnaji,52,615.2,190.0,29.0,136.0,17.0,24.0,27.0,71.0,151.0,14.0,54.0,34.0,44.0,3.65,0.56,2.62,0.33,0.46,0.52,11.8,0.47,0.259,0.773,7.1,zeke nnaji
1630193.0,Immanuel Quickley,70,2216.4,1150.0,415.0,282.0,92.0,5.0,102.0,401.0,905.0,178.0,476.0,170.0,207.0,16.43,5.93,4.03,1.31,0.07,1.46,31.7,0.443,0.374,0.821,26.31,immanuel quickley
1630194.0,Paul Reed,65,888.4,504.0,80.0,294.0,57.0,60.0,58.0,209.0,339.0,13.0,40.0,73.0,110.0,7.75,1.23,4.52,0.88,0.92,0.89,13.7,0.617,0.325,0.664,14.41,paul reed
1630198.0,Isaiah Joe,71,1494.9,785.0,94.0,181.0,50.0,11.0,45.0,247.0,543.0,181.0,428.0,110.0,123.0,11.06,1.32,2.55,0.7,0.15,0.63,21.1,0.455,0.423,0.894,15.15,isaiah joe
1630200.0,Tre Jones,65,1739.8,914.0,350.0,204.0,76.0,11.0,92.0,341.0,617.0,41.0,130.0,191.0,227.0,14.06,5.38,3.14,1.17,0.17,1.42,26.8,0.553,0.315,0.841,22.5,tre jones
1630202.0,Payton Pritchard,79,2538.9,1345.0,408.0,312.0,58.0,10.0,109.0,506.0,1091.0,212.0,562.0,121.0,136.0,17.03,5.16,3.95,0.73,0.13,1.38,32.1,0.464,0.377,0.89,25.62,payton pritchard
1630208.0,Nick Richards,48,690.8,276.0,16.0,243.0,10.0,32.0,59.0,103.0,201.0,5.0,18.0,65.0,101.0,5.75,0.33,5.06,0.21,0.67,1.23,14.4,0.512,0.278,0.644,10.79,nick richards
1630214.0,Xavier Tillman,30,177.5,44.0,13.0,43.0,9.0,5.0,8.0,20.0,46.0,3.0,18.0,1.0,4.0,1.47,0.43,1.43,0.3,0.17,0.27,5.9,0.435,0.167,0.25,3.53,xavier tillman
1630217.0,Desmond Bane,82,2740.0,1647.0,338.0,338.0,86.0,37.0,164.0,583.0,1205.0,167.0,427.0,314.0,346.0,20.09,4.12,4.12,1.05,0.45,2.0,33.4,0.484,0.391,0.908,27.83,desmond bane
1630224.0,Jalen Green,32,821.4,568.0,91.0,116.0,34.0,8.0,72.0,216.0,512.0,71.0,227.0,65.0,87.0,17.75,2.84,3.62,1.06,0.25,2.25,25.7,0.422,0.313,0.747,23.27,jalen green
1630228.0,Jonathan Kuminga,36,823.5,438.0,83.0,202.0,22.0,11.0,67.0,157.0,339.0,35.0,105.0,89.0,123.0,12.17,2.31,5.61,0.61,0.31,1.86,22.9,0.463,0.333,0.724,19.15,jonathan kuminga
1630230.0,Naji Marshall,74,2170.3,1128.0,241.0,348.0,82.0,6.0,119.0,419.0,821.0,62.0,213.0,228.0,300.0,15.24,3.26,4.7,1.11,0.08,1.61,29.3,0.51,0.291,0.76,22.78,naji marshall
1630241.0,Sam Merrill,52,1366.2,663.0,125.0,133.0,33.0,7.0,42.0,223.0,484.0,158.0,375.0,59.0,69.0,12.75,2.4,2.56,0.63,0.13,0.81,26.3,0.461,0.421,0.855,17.66,sam merrill
1630245.0,Ayo Dosunmu,69,1867.4,1022.0,249.0,237.0,58.0,18.0,96.0,386.0,747.0,123.0,280.0,127.0,145.0,14.81,3.61,3.43,0.84,0.26,1.39,27.1,0.517,0.439,0.876,21.56,ayo dosunmu
1630249.0,Vit Krejci,65,1381.3,550.0,100.0,148.0,47.0,18.0,41.0,192.0,429.0,128.0,328.0,38.0,51.0,8.46,1.54,2.28,0.72,0.28,0.63,21.3,0.448,0.39,0.745,12.65,vit krejci
1630256.0,Jae'Sean Tate,46,396.0,129.0,25.0,73.0,10.0,3.0,16.0,56.0,109.0,10.0,32.0,7.0,11.0,2.8,0.54,1.59,0.22,0.07,0.35,8.6,0.514,0.312,0.636,4.87,jaesean tate
1630264.0,Anthony Gill,55,939.8,321.0,69.0,158.0,31.0,21.0,36.0,135.0,215.0,17.0,48.0,34.0,46.0,5.84,1.25,2.87,0.56,0.38,0.65,17.1,0.628,0.354,0.739,10.25,anthony gill
1630311.0,Pat Spencer,66,1218.2,476.0,232.0,158.0,48.0,5.0,85.0,186.0,436.0,60.0,168.0,44.0,57.0,7.21,3.52,2.39,0.73,0.08,1.29,18.5,0.427,0.357,0.772,12.64,pat spencer
1630314.0,Brandon Williams,66,1449.6,859.0,256.0,191.0,62.0,20.0,125.0,291.0,617.0,36.0,155.0,241.0,304.0,13.02,3.88,2.89,0.94,0.3,1.89,22.0,0.472,0.232,0.793,19.14,brandon williams
1630322.0,Lindy Waters III,40,276.0,95.0,19.0,29.0,6.0,1.0,7.0,33.0,88.0,27.0,79.0,2.0,3.0,2.38,0.48,0.72,0.15,0.02,0.18,6.9,0.375,0.342,0.667,3.57,lindy waters
1630526.0,Jeremiah Robinson-Earl,22,356.8,101.0,15.0,103.0,9.0,1.0,12.0,37.0,100.0,10.0,41.0,17.0,18.0,4.59,0.68,4.68,0.41,0.05,0.55,16.2,0.37,0.244,0.944,9.86,jeremiah robinson-earl
1630529.0,Herbert Jones,56,1577.8,496.0,155.0,190.0,88.0,27.0,73.0,183.0,478.0,80.0,259.0,50.0,62.0,8.86,2.77,3.39,1.57,0.48,1.3,28.2,0.383,0.309,0.806,15.77,herbert jones
1630530.0,Trey Murphy III,66,2326.4,1420.0,250.0,377.0,99.0,24.0,120.0,494.0,1050.0,214.0,565.0,218.0,246.0,21.52,3.79,5.71,1.5,0.36,1.82,35.2,0.47,0.379,0.886,31.06,trey murphy
1630532.0,Franz Wagner,35,1012.2,699.0,113.0,177.0,32.0,11.0,58.0,244.0,507.0,48.0,139.0,163.0,198.0,19.97,3.23,5.06,0.91,0.31,1.66,28.9,0.481,0.345,0.823,27.82,franz wagner
1630533.0,Ziaire Williams,57,1269.2,573.0,60.0,134.0,76.0,21.0,59.0,184.0,433.0,86.0,251.0,119.0,140.0,10.05,1.05,2.35,1.33,0.37,1.04,22.3,0.425,0.343,0.85,14.11,ziaire williams
1630534.0,Ochai Agbaji,62,960.7,314.0,47.0,141.0,24.0,17.0,31.0,122.0,280.0,34.0,128.0,36.0,43.0,5.06,0.76,2.27,0.39,0.27,0.5,15.5,0.436,0.266,0.837,8.25,ochai agbaji
1630536.0,Sharife Cooper,41,692.0,333.0,124.0,86.0,16.0,5.0,61.0,127.0,247.0,29.0,76.0,50.0,60.0,8.12,3.02,2.1,0.39,0.12,1.49,16.9,0.514,0.382,0.833,12.26,sharife cooper
1630538.0,Bones Hyland,71,1161.8,604.0,188.0,127.0,44.0,17.0,70.0,212.0,468.0,116.0,299.0,64.0,82.0,8.51,2.65,1.79,0.62,0.24,0.99,16.4,0.453,0.388,0.78,12.82,bones hyland
1630540.0,Miles McBride,41,1072.0,491.0,106.0,100.0,35.0,9.0,33.0,171.0,404.0,112.0,271.0,37.0,47.0,11.98,2.59,2.44,0.85,0.22,0.8,26.1,0.423,0.413,0.787,17.28,miles mcbride
1630541.0,Moses Moody,60,1529.2,728.0,98.0,200.0,58.0,34.0,57.0,245.0,557.0,151.0,377.0,87.0,113.0,12.13,1.63,3.33,0.97,0.57,0.95,25.5,0.44,0.401,0.77,17.68,moses moody
1630543.0,Isaiah Jackson,55,896.6,370.0,52.0,290.0,36.0,49.0,58.0,151.0,237.0,0.0,3.0,68.0,105.0,6.73,0.95,5.27,0.65,0.89,1.05,16.3,0.637,0.0,0.648,13.44,isaiah jackson
1630544.0,Tre Mann,53,658.3,291.0,86.0,92.0,25.0,5.0,54.0,109.0,303.0,50.0,155.0,23.0,27.0,5.49,1.62,1.74,0.47,0.09,1.02,12.4,0.36,0.323,0.852,8.39,tre mann
1630545.0,Terrence Shannon Jr.,43,529.8,241.0,38.0,49.0,14.0,1.0,24.0,77.0,171.0,31.0,76.0,56.0,70.0,5.6,0.88,1.14,0.33,0.02,0.56,12.3,0.45,0.408,0.8,7.41,terrence shannon
1630548.0,Johnny Juzang,21,83.0,43.0,6.0,17.0,2.0,1.0,5.0,16.0,38.0,6.0,24.0,5.0,8.0,2.05,0.29,0.81,0.1,0.05,0.24,4.0,0.421,0.25,0.625,3.06,johnny juzang
1630549.0,Day'Ron Sharpe,63,1147.6,540.0,145.0,413.0,67.0,26.0,106.0,214.0,356.0,9.0,39.0,103.0,152.0,8.57,2.3,6.56,1.06,0.41,1.68,18.2,0.601,0.231,0.678,17.22,dayron sharpe
1630551.0,Justin Champagnie,69,1364.1,597.0,84.0,384.0,59.0,43.0,45.0,232.0,462.0,53.0,166.0,80.0,102.0,8.65,1.22,5.57,0.86,0.62,0.65,19.8,0.502,0.319,0.784,16.27,justin champagnie
1630552.0,Jalen Johnson,72,2516.6,1621.0,566.0,740.0,89.0,31.0,244.0,600.0,1228.0,120.0,341.0,301.0,382.0,22.51,7.86,10.28,1.24,0.43,3.39,35.0,0.489,0.352,0.788,38.93,jalen johnson
1630557.0,Corey Kispert,58,1067.4,532.0,92.0,132.0,16.0,9.0,45.0,184.0,394.0,87.0,237.0,77.0,97.0,9.17,1.59,2.28,0.28,0.16,0.78,18.4,0.467,0.367,0.794,12.7,corey kispert
1630558.0,Davion Mitchell,70,1987.4,654.0,453.0,186.0,68.0,11.0,108.0,261.0,533.0,90.0,228.0,42.0,65.0,9.34,6.47,2.66,0.97,0.16,1.54,28.4,0.49,0.395,0.646,18.06,davion mitchell
1630559.0,Austin Reaves,52,1751.4,1187.0,280.0,240.0,56.0,20.0,151.0,373.0,762.0,118.0,328.0,323.0,371.0,22.83,5.38,4.62,1.08,0.38,2.9,33.7,0.49,0.36,0.871,31.39,austin reaves
1630560.0,Cam Thomas,42,872.3,567.0,108.0,71.0,9.0,4.0,74.0,189.0,461.0,52.0,168.0,137.0,169.0,13.5,2.57,1.69,0.21,0.1,1.76,20.8,0.41,0.31,0.811,16.31,cam thomas
1630567.0,Scottie Barnes,80,2664.1,1448.0,474.0,600.0,114.0,116.0,210.0,569.0,1123.0,68.0,224.0,242.0,297.0,18.1,5.92,7.5,1.42,1.45,2.62,33.3,0.507,0.304,0.815,31.77,scottie barnes
1630568.0,Luka Garza,69,1105.6,557.0,66.0,281.0,27.0,28.0,46.0,206.0,357.0,55.0,127.0,90.0,117.0,8.07,0.96,4.07,0.39,0.41,0.67,16.0,0.577,0.433,0.769,13.23,luka garza
1630570.0,Trendon Watford,53,853.8,346.0,132.0,175.0,16.0,22.0,64.0,138.0,268.0,10.0,50.0,60.0,77.0,6.53,2.49,3.3,0.3,0.42,1.21,16.1,0.515,0.2,0.779,11.83,trendon watford
1630572.0,Sandro Mamukelashvili,80,1734.8,893.0,151.0,395.0,64.0,41.0,67.0,330.0,631.0,115.0,296.0,118.0,158.0,11.16,1.89,4.94,0.8,0.51,0.84,21.7,0.523,0.389,0.747,18.46,sandro mamukelashvili
1630573.0,Sam Hauser,78,1920.5,719.0,114.0,300.0,38.0,23.0,35.0,252.0,601.0,198.0,504.0,17.0,20.0,9.22,1.46,3.85,0.49,0.29,0.45,24.6,0.419,0.393,0.85,14.86,sam hauser
1630574.0,Ariel Hukporti,54,487.2,117.0,29.0,159.0,9.0,26.0,32.0,45.0,80.0,1.0,4.0,26.0,33.0,2.17,0.54,2.94,0.17,0.48,0.59,9.0,0.562,0.25,0.788,5.71,ariel hukporti
1630577.0,Julian Champagnie,82,2249.2,911.0,127.0,473.0,62.0,38.0,69.0,301.0,689.0,195.0,512.0,114.0,135.0,11.11,1.55,5.77,0.76,0.46,0.84,27.4,0.437,0.381,0.844,18.81,julian champagnie
1630578.0,Alperen Sengun,72,2382.6,1466.0,445.0,640.0,85.0,77.0,227.0,583.0,1123.0,40.0,131.0,260.0,376.0,20.36,6.18,8.89,1.18,1.07,3.15,33.1,0.519,0.305,0.691,34.53,alperen sengun
1630579.0,Jericho Sims,67,1303.5,334.0,104.0,370.0,19.0,17.0,75.0,145.0,185.0,0.0,0.0,44.0,71.0,4.99,1.55,5.52,0.28,0.25,1.12,19.5,0.784,,0.62,11.47,jericho sims
1630581.0,Josh Giddey,54,1720.0,919.0,494.0,448.0,55.0,27.0,196.0,321.0,717.0,103.0,283.0,174.0,228.0,17.02,9.15,8.3,1.02,0.5,3.63,31.9,0.448,0.364,0.763,32.36,josh giddey
1630583.0,Santi Aldama,43,1190.1,602.0,126.0,287.0,37.0,31.0,55.0,228.0,476.0,70.0,200.0,76.0,114.0,14.0,2.93,6.67,0.86,0.72,1.28,27.7,0.479,0.35,0.667,23.9,santi aldama
1630587.0,Isaiah Livers,36,340.4,65.0,21.0,61.0,13.0,8.0,12.0,22.0,64.0,12.0,40.0,9.0,12.0,1.81,0.58,1.69,0.36,0.22,0.33,9.5,0.344,0.3,0.75,4.33,isaiah livers
1630590.0,Scotty Pippen Jr.,10,209.9,114.0,47.0,22.0,19.0,4.0,27.0,43.0,96.0,10.0,32.0,18.0,23.0,11.4,4.7,2.2,1.9,0.4,2.7,21.0,0.448,0.312,0.783,17.9,scotty pippen
1630591.0,Jalen Suggs,57,1562.2,786.0,312.0,220.0,105.0,40.0,152.0,282.0,649.0,122.0,360.0,100.0,117.0,13.79,5.47,3.86,1.84,0.7,2.67,27.4,0.435,0.339,0.855,22.99,jalen suggs
1630592.0,Jalen Wilson,54,848.3,343.0,50.0,114.0,22.0,2.0,38.0,110.0,278.0,54.0,152.0,69.0,96.0,6.35,0.93,2.11,0.41,0.04,0.7,15.7,0.396,0.355,0.719,9.14,jalen wilson
1630595.0,Cade Cunningham,64,2159.0,1531.0,634.0,355.0,92.0,54.0,236.0,548.0,1189.0,125.0,366.0,310.0,382.0,23.92,9.91,5.55,1.44,0.84,3.69,33.7,0.461,0.342,0.812,37.97,cade cunningham
1630596.0,Evan Mobley,65,2062.2,1180.0,234.0,586.0,48.0,113.0,122.0,469.0,859.0,62.0,209.0,180.0,297.0,18.15,3.6,9.02,0.74,1.74,1.88,31.7,0.546,0.297,0.606,31.37,evan mobley
1630598.0,Aaron Wiggins,65,1400.4,611.0,109.0,199.0,60.0,28.0,81.0,231.0,536.0,96.0,270.0,53.0,72.0,9.4,1.68,3.06,0.92,0.43,1.25,21.5,0.431,0.356,0.736,14.24,aaron wiggins
1630604.0,E.J. Liddell,26,344.3,147.0,24.0,69.0,6.0,10.0,15.0,54.0,111.0,18.0,52.0,21.0,26.0,5.65,0.92,2.65,0.23,0.38,0.58,13.2,0.486,0.346,0.808,9.25,ej liddell
1630610.0,DeJon Jarreau,11,228.8,88.0,36.0,51.0,10.0,8.0,26.0,33.0,83.0,4.0,30.0,18.0,23.0,8.0,3.27,4.64,0.91,0.73,2.36,20.8,0.398,0.133,0.783,15.19,dejon jarreau
1630611.0,Gui Santos,68,1380.8,625.0,159.0,266.0,61.0,22.0,102.0,230.0,460.0,78.0,222.0,87.0,120.0,9.19,2.34,3.91,0.9,0.32,1.5,20.3,0.5,0.351,0.725,15.16,gui santos
1630619.0,Moussa Cisse,39,522.2,170.0,9.0,216.0,19.0,45.0,30.0,66.0,115.0,0.0,0.0,38.0,81.0,4.36,0.23,5.54,0.49,1.15,0.77,13.4,0.574,,0.469,11.0,moussa cisse
1630623.0,Tyson Etienne,24,375.6,189.0,40.0,27.0,11.0,0.0,16.0,58.0,145.0,43.0,108.0,30.0,36.0,7.88,1.67,1.12,0.46,0.0,0.67,15.6,0.4,0.398,0.833,10.46,tyson etienne
1630631.0,Jose Alvarado,69,1356.6,510.0,234.0,171.0,66.0,8.0,77.0,187.0,449.0,101.0,287.0,35.0,46.0,7.39,3.39,2.48,0.96,0.12,1.12,19.7,0.416,0.352,0.761,13.22,jose alvarado
1630639.0,A.J. Lawson,24,220.9,101.0,7.0,43.0,12.0,4.0,6.0,34.0,78.0,19.0,45.0,14.0,18.0,4.21,0.29,1.79,0.5,0.17,0.25,9.2,0.436,0.422,0.778,6.71,aj lawson
1630643.0,Jay Huff,82,1701.9,783.0,121.0,324.0,41.0,153.0,76.0,291.0,611.0,119.0,373.0,82.0,99.0,9.55,1.48,3.95,0.5,1.87,0.93,20.8,0.476,0.319,0.828,16.42,jay huff
1630644.0,Mac McClung,11,133.5,67.0,10.0,10.0,11.0,3.0,9.0,23.0,59.0,7.0,30.0,14.0,18.0,6.09,0.91,0.91,1.0,0.27,0.82,12.1,0.39,0.233,0.778,8.36,mac mcclung
1630679.0,Ethan Thompson,33,646.3,223.0,57.0,69.0,20.0,9.0,25.0,74.0,196.0,38.0,116.0,37.0,47.0,6.76,1.73,2.09,0.61,0.27,0.76,19.6,0.378,0.328,0.787,10.7,ethan thompson
1630692.0,Jordan Goodwin,70,1558.3,609.0,151.0,341.0,106.0,14.0,68.0,229.0,555.0,112.0,302.0,39.0,56.0,8.7,2.16,4.87,1.51,0.2,0.97,22.3,0.413,0.371,0.696,16.47,jordan goodwin
1630695.0,Micah Potter,47,898.2,458.0,69.0,233.0,22.0,15.0,47.0,151.0,293.0,71.0,168.0,85.0,101.0,9.74,1.47,4.96,0.47,0.32,1.0,19.1,0.515,0.423,0.842,15.96,micah potter
1630696.0,Dru Smith,70,1128.0,395.0,180.0,173.0,100.0,21.0,55.0,135.0,325.0,38.0,129.0,87.0,105.0,5.64,2.57,2.47,1.43,0.3,0.79,16.1,0.415,0.295,0.829,11.62,dru smith
1630699.0,MarJon Beauchamp,14,193.7,95.0,15.0,32.0,9.0,4.0,13.0,33.0,76.0,16.0,47.0,13.0,19.0,6.79,1.07,2.29,0.64,0.29,0.93,13.8,0.434,0.34,0.684,10.15,marjon beauchamp
1630700.0,Dyson Daniels,76,2505.3,901.0,449.0,520.0,149.0,31.0,135.0,402.0,777.0,22.0,117.0,75.0,122.0,11.86,5.91,6.84,1.96,0.41,1.78,33.0,0.517,0.188,0.615,25.2,dyson daniels
1630702.0,Jaden Hardy,57,887.7,523.0,58.0,86.0,16.0,6.0,62.0,182.0,429.0,104.0,262.0,55.0,75.0,9.18,1.02,1.51,0.28,0.11,1.09,15.6,0.424,0.397,0.733,11.01,jaden hardy
1630703.0,Scoot Henderson,30,742.3,427.0,112.0,80.0,27.0,9.0,73.0,143.0,342.0,57.0,162.0,84.0,100.0,14.23,3.73,2.67,0.9,0.3,2.43,24.7,0.418,0.352,0.84,19.4,scoot henderson
1630811.0,Keaton Wallace,53,526.8,186.0,94.0,56.0,24.0,5.0,28.0,68.0,171.0,38.0,102.0,12.0,18.0,3.51,1.77,1.06,0.45,0.09,0.53,9.9,0.398,0.373,0.667,6.35,keaton wallace
1631093.0,Jaden Ivey,37,662.9,316.0,68.0,91.0,23.0,14.0,41.0,114.0,256.0,50.0,134.0,38.0,47.0,8.54,1.84,2.46,0.62,0.38,1.11,17.9,0.445,0.373,0.809,12.73,jaden ivey
1631094.0,Paolo Banchero,72,2488.6,1599.0,373.0,604.0,51.0,40.0,222.0,529.0,1152.0,84.0,275.0,457.0,590.0,22.21,5.18,8.39,0.71,0.56,3.08,34.6,0.459,0.305,0.775,33.97,paolo banchero
1631095.0,Jabari Smith Jr.,77,2690.8,1215.0,143.0,529.0,56.0,71.0,105.0,438.0,974.0,177.0,488.0,162.0,209.0,15.78,1.86,6.87,0.73,0.92,1.36,34.9,0.45,0.363,0.775,24.8,jabari smith
1631096.0,Chet Holmgren,69,1984.4,1181.0,115.0,615.0,43.0,131.0,107.0,434.0,779.0,88.0,243.0,225.0,284.0,17.12,1.67,8.91,0.62,1.9,1.55,28.8,0.557,0.362,0.792,28.67,chet holmgren
1631097.0,Bennedict Mathurin,54,1610.0,949.0,129.0,293.0,43.0,13.0,118.0,291.0,677.0,75.0,238.0,292.0,336.0,17.57,2.39,5.43,0.8,0.24,2.19,29.8,0.43,0.315,0.869,24.24,bennedict mathurin
1631099.0,Keegan Murray,23,787.8,321.0,38.0,132.0,24.0,36.0,27.0,126.0,300.0,31.0,112.0,38.0,49.0,13.96,1.65,5.74,1.04,1.57,1.17,34.3,0.42,0.277,0.776,22.79,keegan murray
1631101.0,Shaedon Sharpe,50,1461.2,1042.0,132.0,217.0,70.0,6.0,147.0,392.0,868.0,103.0,306.0,155.0,197.0,20.84,2.64,4.34,1.4,0.12,2.94,29.2,0.452,0.337,0.787,26.4,shaedon sharpe
1631102.0,TyTy Washington Jr.,16,84.9,21.0,17.0,6.0,6.0,3.0,3.0,9.0,19.0,3.0,8.0,0.0,0.0,1.31,1.06,0.38,0.38,0.19,0.19,5.3,0.474,0.375,,3.13,tyty washington
1631103.0,Malaki Branham,28,270.5,128.0,23.0,44.0,10.0,3.0,15.0,43.0,91.0,14.0,37.0,28.0,34.0,4.57,0.82,1.57,0.36,0.11,0.54,9.7,0.473,0.378,0.824,6.89,malaki branham
1631104.0,Blake Wesley,31,354.1,148.0,62.0,39.0,16.0,5.0,31.0,56.0,124.0,10.0,36.0,26.0,47.0,4.77,2.0,1.26,0.52,0.16,1.0,11.4,0.452,0.278,0.553,7.71,blake wesley
1631105.0,Jalen Duren,70,1961.9,1365.0,138.0,737.0,57.0,59.0,130.0,522.0,803.0,0.0,0.0,321.0,430.0,19.5,1.97,10.53,0.81,0.84,1.86,28.0,0.65,,0.747,31.79,jalen duren
1631106.0,Tari Eason,60,1536.7,627.0,90.0,376.0,72.0,28.0,81.0,241.0,580.0,93.0,260.0,52.0,67.0,10.45,1.5,6.27,1.2,0.47,1.35,25.6,0.416,0.358,0.776,18.54,tari eason
1631107.0,Nikola Jovic,47,798.4,344.0,102.0,153.0,26.0,17.0,65.0,115.0,314.0,45.0,167.0,69.0,101.0,7.32,2.17,3.26,0.55,0.36,1.38,17.0,0.366,0.269,0.683,12.28,nikola jovic
1631108.0,Max Christie,77,2229.1,945.0,151.0,249.0,47.0,27.0,96.0,320.0,725.0,180.0,446.0,125.0,139.0,12.27,1.96,3.23,0.61,0.35,1.25,28.9,0.441,0.404,0.899,17.17,max christie
1631109.0,Mark Williams,60,1404.4,700.0,58.0,477.0,55.0,55.0,65.0,282.0,438.0,1.0,1.0,135.0,175.0,11.67,0.97,7.95,0.92,0.92,1.08,23.4,0.644,1.0,0.771,21.35,mark williams
1631110.0,Jeremy Sochan,45,459.1,158.0,40.0,107.0,17.0,7.0,21.0,64.0,129.0,11.0,45.0,19.0,26.0,3.51,0.89,2.38,0.38,0.16,0.47,10.2,0.496,0.244,0.731,6.85,jeremy sochan
1631113.0,Kennedy Chandler,11,352.7,165.0,74.0,37.0,11.0,2.0,23.0,61.0,137.0,15.0,38.0,28.0,43.0,15.0,6.73,3.36,1.0,0.18,2.09,32.1,0.445,0.395,0.651,24.18,kennedy chandler
1631114.0,Jalen Williams,34,930.0,563.0,181.0,152.0,39.0,9.0,63.0,216.0,446.0,23.0,77.0,108.0,129.0,16.56,5.32,4.47,1.15,0.26,1.85,27.4,0.484,0.299,0.837,25.91,jalen williams
1631119.0,Jaylin Williams,65,1263.6,469.0,158.0,358.0,31.0,42.0,67.0,149.0,352.0,98.0,256.0,73.0,92.0,7.22,2.43,5.51,0.48,0.65,1.03,19.4,0.423,0.383,0.793,15.26,jaylin williams
1631120.0,JD Davison,28,212.2,69.0,35.0,34.0,6.0,6.0,7.0,24.0,64.0,8.0,32.0,13.0,19.0,2.46,1.25,1.21,0.21,0.21,0.25,7.6,0.375,0.25,0.684,5.09,jd davison
1631121.0,Bryce McGowens,42,872.0,340.0,62.0,88.0,27.0,8.0,17.0,114.0,237.0,38.0,93.0,74.0,95.0,8.1,1.48,2.1,0.64,0.19,0.4,20.8,0.481,0.409,0.779,12.11,bryce mcgowens
1631123.0,Jamaree Bouyea,46,636.4,263.0,82.0,82.0,29.0,16.0,30.0,108.0,236.0,23.0,78.0,24.0,35.0,5.72,1.78,1.78,0.63,0.35,0.65,13.8,0.458,0.295,0.686,9.61,jamaree bouyea
1631124.0,Julian Strawther,57,848.4,413.0,61.0,114.0,25.0,6.0,36.0,149.0,319.0,58.0,150.0,57.0,70.0,7.25,1.07,2.0,0.44,0.11,0.63,14.9,0.467,0.387,0.814,10.24,julian strawther
1631126.0,Caleb Love,50,1003.6,509.0,123.0,114.0,27.0,4.0,62.0,190.0,490.0,93.0,292.0,36.0,49.0,10.18,2.46,2.28,0.54,0.08,1.24,20.1,0.388,0.318,0.735,14.3,caleb love
1631128.0,Christian Braun,44,1390.7,526.0,120.0,211.0,30.0,12.0,43.0,202.0,389.0,43.0,143.0,79.0,101.0,11.95,2.73,4.8,0.68,0.27,0.98,31.6,0.519,0.301,0.782,19.45,christian braun
1631131.0,Oscar Tshiebwe,27,443.0,211.0,32.0,179.0,16.0,5.0,21.0,92.0,145.0,0.0,0.0,27.0,49.0,7.81,1.19,6.63,0.59,0.19,0.78,16.4,0.634,,0.551,15.63,oscar tshiebwe
1631132.0,Christian Koloko,27,352.0,73.0,18.0,81.0,14.0,23.0,16.0,31.0,74.0,1.0,9.0,10.0,15.0,2.7,0.67,3.0,0.52,0.85,0.59,13.0,0.419,0.111,0.667,7.15,christian koloko
1631133.0,Jabari Walker,64,749.4,276.0,34.0,192.0,23.0,13.0,27.0,97.0,213.0,32.0,95.0,50.0,68.0,4.31,0.53,3.0,0.36,0.2,0.42,11.7,0.455,0.337,0.735,7.98,jabari walker
1631157.0,Ryan Rollins,75,2360.1,1281.0,414.0,338.0,110.0,31.0,201.0,486.0,1030.0,184.0,453.0,125.0,157.0,17.08,5.52,4.51,1.47,0.41,2.68,31.5,0.472,0.406,0.796,26.31,ryan rollins
1631159.0,Leonard Miller,46,708.4,361.0,40.0,181.0,17.0,15.0,36.0,145.0,262.0,32.0,99.0,39.0,53.0,7.85,0.87,3.93,0.37,0.33,0.78,15.4,0.553,0.323,0.736,12.57,leonard miller
1631165.0,Keon Ellis,72,1464.8,480.0,72.0,135.0,83.0,45.0,41.0,169.0,384.0,91.0,251.0,51.0,70.0,6.67,1.0,1.88,1.15,0.62,0.57,20.3,0.44,0.363,0.729,10.75,keon ellis
1631166.0,Drew Timme,28,229.4,92.0,23.0,33.0,6.0,0.0,13.0,38.0,66.0,11.0,25.0,5.0,9.0,3.29,0.82,1.18,0.21,0.0,0.46,8.2,0.576,0.44,0.556,5.04,drew timme
1631169.0,Josh Minott,50,824.6,364.0,46.0,158.0,44.0,24.0,43.0,126.0,252.0,64.0,153.0,48.0,61.0,7.28,0.92,3.16,0.88,0.48,0.86,16.5,0.5,0.418,0.787,11.86,josh minott
1631170.0,Jaime Jaquez Jr.,75,2105.6,1152.0,352.0,375.0,51.0,21.0,152.0,464.0,915.0,58.0,183.0,166.0,216.0,15.36,4.69,5.0,0.68,0.28,2.03,28.1,0.507,0.317,0.769,23.98,jaime jaquez
1631172.0,Ousmane Dieng,57,1087.7,431.0,136.0,180.0,25.0,17.0,75.0,168.0,398.0,63.0,185.0,32.0,45.0,7.56,2.39,3.16,0.44,0.3,1.32,19.1,0.422,0.341,0.711,12.53,ousmane dieng
1631174.0,Tyler Burton,12,304.4,129.0,12.0,50.0,11.0,4.0,11.0,42.0,112.0,22.0,66.0,23.0,27.0,10.75,1.0,4.17,0.92,0.33,0.92,25.4,0.375,0.333,0.852,16.25,tyler burton
1631199.0,Ron Harper Jr.,29,312.5,123.0,22.0,48.0,10.0,9.0,8.0,46.0,110.0,28.0,80.0,3.0,4.0,4.24,0.76,1.66,0.34,0.31,0.28,10.8,0.418,0.35,0.75,7.03,ron harper
1631200.0,Kris Murray,57,1322.3,331.0,81.0,206.0,51.0,22.0,47.0,129.0,276.0,34.0,122.0,39.0,57.0,5.81,1.42,3.61,0.89,0.39,0.82,23.2,0.467,0.279,0.684,11.3,kris murray
1631204.0,Marcus Sasser,38,449.1,197.0,75.0,39.0,20.0,4.0,31.0,69.0,177.0,44.0,106.0,15.0,18.0,5.18,1.97,1.03,0.53,0.11,0.82,11.8,0.39,0.415,0.833,8.0,marcus sasser
1631207.0,Dalen Terry,48,541.4,176.0,66.0,86.0,29.0,15.0,26.0,68.0,155.0,24.0,66.0,16.0,30.0,3.67,1.38,1.79,0.6,0.31,0.54,11.3,0.439,0.364,0.533,7.21,dalen terry
1631212.0,Peyton Watson,54,1587.4,789.0,111.0,264.0,50.0,61.0,93.0,285.0,581.0,81.0,197.0,138.0,189.0,14.61,2.06,4.89,0.93,1.13,1.72,29.4,0.491,0.411,0.73,21.9,peyton watson
1631213.0,Tyrese Martin,47,767.2,290.0,78.0,116.0,25.0,6.0,40.0,109.0,277.0,53.0,165.0,19.0,28.0,6.17,1.66,2.47,0.53,0.13,0.85,16.3,0.394,0.321,0.679,10.11,tyrese martin
1631216.0,Caleb Houstan,19,72.1,42.0,4.0,11.0,2.0,1.0,4.0,14.0,26.0,11.0,21.0,3.0,3.0,2.21,0.21,0.58,0.11,0.05,0.21,3.8,0.538,0.524,1.0,2.95,caleb houstan
1631217.0,Moussa Diabate,73,1885.0,575.0,141.0,635.0,56.0,72.0,73.0,229.0,363.0,1.0,2.0,116.0,176.0,7.88,1.93,8.7,0.77,0.99,1.0,25.8,0.631,0.5,0.659,19.27,moussa diabate
1631218.0,Trayce Jackson-Davis,53,484.8,181.0,39.0,145.0,17.0,24.0,22.0,71.0,124.0,1.0,1.0,38.0,74.0,3.42,0.74,2.74,0.32,0.45,0.42,9.1,0.573,1.0,0.514,7.25,trayce jackson-davis
1631221.0,Collin Gillespie,80,2267.1,1012.0,371.0,327.0,99.0,16.0,125.0,352.0,842.0,232.0,578.0,76.0,87.0,12.65,4.64,4.09,1.24,0.2,1.56,28.3,0.418,0.401,0.874,21.26,collin gillespie
1631222.0,Jake LaRavia,82,2046.1,674.0,145.0,326.0,104.0,38.0,87.0,240.0,523.0,78.0,243.0,116.0,152.0,8.22,1.77,3.98,1.27,0.46,1.06,25.0,0.459,0.321,0.763,14.64,jake laravia
1631230.0,Dominick Barlow,71,1675.5,545.0,87.0,340.0,63.0,53.0,56.0,215.0,399.0,21.0,82.0,94.0,131.0,7.68,1.23,4.79,0.89,0.75,0.79,23.6,0.539,0.256,0.718,14.55,dominick barlow
1631243.0,Mouhamed Gueye,77,1164.5,342.0,69.0,275.0,61.0,39.0,33.0,131.0,290.0,40.0,130.0,40.0,62.0,4.44,0.9,3.57,0.79,0.51,0.43,15.1,0.452,0.308,0.645,9.78,mouhamed gueye
1631245.0,Quenton Jackson,49,887.2,448.0,140.0,114.0,31.0,6.0,62.0,154.0,328.0,42.0,118.0,98.0,119.0,9.14,2.86,2.33,0.63,0.12,1.27,18.1,0.47,0.356,0.824,13.81,quenton jackson
1631246.0,Vince Williams Jr.,40,812.4,300.0,166.0,155.0,29.0,16.0,70.0,103.0,292.0,55.0,177.0,39.0,50.0,7.5,4.15,3.88,0.72,0.4,1.75,20.3,0.353,0.311,0.78,14.9,vince williams
1631247.0,Luke Travers,12,100.7,28.0,9.0,24.0,7.0,4.0,3.0,9.0,36.0,1.0,16.0,9.0,9.0,2.33,0.75,2.0,0.58,0.33,0.25,8.4,0.25,0.062,1.0,5.74,luke travers
1631248.0,Baylor Scheierman,77,1413.6,427.0,116.0,269.0,42.0,6.0,46.0,151.0,333.0,97.0,243.0,28.0,31.0,5.55,1.51,3.49,0.55,0.08,0.6,18.4,0.453,0.399,0.903,10.58,baylor scheierman
1631250.0,Pete Nance,48,728.7,254.0,48.0,125.0,14.0,14.0,26.0,100.0,194.0,50.0,119.0,4.0,11.0,5.29,1.0,2.6,0.29,0.29,0.54,15.2,0.515,0.42,0.364,8.93,pete nance
1631255.0,Karlo Matkovic,62,899.8,352.0,50.0,229.0,25.0,54.0,34.0,142.0,235.0,38.0,90.0,30.0,41.0,5.68,0.81,3.69,0.4,0.87,0.55,14.5,0.604,0.422,0.732,10.9,karlo matkovic
1631260.0,AJ Green,78,2254.4,809.0,152.0,213.0,39.0,8.0,75.0,262.0,618.0,232.0,554.0,53.0,62.0,10.37,1.95,2.73,0.5,0.1,0.96,28.9,0.424,0.419,0.855,14.69,aj green
1631288.0,Jamal Cain,41,478.4,215.0,29.0,78.0,11.0,4.0,19.0,74.0,152.0,28.0,73.0,39.0,46.0,5.24,0.71,1.9,0.27,0.1,0.46,11.7,0.487,0.384,0.848,7.76,jamal cain
1631321.0,Sidy Cissoko,75,1419.4,383.0,110.0,166.0,52.0,25.0,70.0,133.0,334.0,59.0,198.0,58.0,88.0,5.11,1.47,2.21,0.69,0.33,0.93,18.9,0.398,0.298,0.659,8.88,sidy cissoko
1631323.0,Simone Fontecchio,70,1157.5,597.0,101.0,211.0,37.0,9.0,49.0,194.0,471.0,123.0,328.0,86.0,102.0,8.53,1.44,3.01,0.53,0.13,0.7,16.5,0.412,0.375,0.843,12.94,simone fontecchio
1631342.0,Daeqwon Plowden,32,837.8,344.0,41.0,97.0,23.0,7.0,26.0,120.0,279.0,62.0,186.0,42.0,49.0,10.75,1.28,3.03,0.72,0.22,0.81,26.2,0.43,0.333,0.857,15.19,daeqwon plowden
1631451.0,Javonte Cooke,19,90.2,23.0,7.0,19.0,6.0,0.0,9.0,9.0,41.0,3.0,23.0,2.0,2.0,1.21,0.37,1.0,0.32,0.0,0.47,4.7,0.22,0.13,1.0,2.43,javonte cooke
1631466.0,Nate Williams,14,235.9,112.0,14.0,30.0,5.0,0.0,15.0,43.0,88.0,13.0,30.0,13.0,15.0,8.0,1.0,2.14,0.36,0.0,1.07,16.8,0.489,0.433,0.867,10.43,nate williams
1641705.0,Victor Wembanyama,64,1851.4,1600.0,199.0,736.0,66.0,197.0,155.0,553.0,1080.0,122.0,350.0,372.0,450.0,25.0,3.11,11.5,1.03,3.08,2.42,28.9,0.512,0.349,0.827,41.3,victor wembanyama
1641706.0,Brandon Miller,65,1955.4,1311.0,217.0,319.0,66.0,44.0,163.0,454.0,1044.0,204.0,533.0,199.0,223.0,20.17,3.34,4.91,1.02,0.68,2.51,30.1,0.435,0.383,0.892,27.61,brandon miller
1641707.0,Taylor Hendricks,59,1107.1,438.0,55.0,221.0,50.0,30.0,50.0,163.0,355.0,63.0,184.0,49.0,72.0,7.42,0.93,3.75,0.85,0.51,0.85,18.8,0.459,0.342,0.681,12.61,taylor hendricks
1641708.0,Amen Thompson,79,2937.5,1443.0,420.0,614.0,119.0,48.0,190.0,557.0,1044.0,25.0,116.0,304.0,390.0,18.27,5.32,7.77,1.51,0.61,2.41,37.2,0.534,0.216,0.779,31.07,amen thompson
1641709.0,Ausar Thompson,73,1879.8,721.0,228.0,418.0,146.0,69.0,110.0,303.0,577.0,6.0,24.0,109.0,191.0,9.88,3.12,5.73,2.0,0.95,1.51,25.8,0.525,0.25,0.571,20.17,ausar thompson
1641710.0,Anthony Black,64,1898.9,959.0,236.0,244.0,91.0,45.0,132.0,345.0,772.0,100.0,300.0,169.0,231.0,14.98,3.69,3.81,1.42,0.7,2.06,29.7,0.447,0.333,0.732,22.54,anthony black
1641711.0,Gradey Dick,76,1052.1,455.0,51.0,147.0,45.0,7.0,43.0,161.0,384.0,56.0,186.0,77.0,88.0,5.99,0.67,1.93,0.59,0.09,0.57,13.8,0.419,0.301,0.875,8.7,gradey dick
1641712.0,Rayan Rupert,64,1060.0,332.0,68.0,188.0,55.0,9.0,55.0,123.0,313.0,44.0,136.0,42.0,54.0,5.19,1.06,2.94,0.86,0.14,0.86,16.6,0.393,0.324,0.778,9.33,rayan rupert
1641713.0,GG Jackson,55,1167.5,686.0,81.0,235.0,31.0,44.0,85.0,255.0,514.0,64.0,193.0,112.0,151.0,12.47,1.47,4.27,0.56,0.8,1.55,21.2,0.496,0.332,0.742,18.02,gg jackson
1641715.0,Cam Whitmore,21,350.8,193.0,15.0,58.0,15.0,8.0,18.0,77.0,169.0,16.0,56.0,23.0,31.0,9.19,0.71,2.76,0.71,0.38,0.86,16.7,0.456,0.286,0.742,12.89,cam whitmore
1641716.0,Jarace Walker,76,1939.2,884.0,192.0,391.0,63.0,26.0,139.0,307.0,733.0,133.0,356.0,137.0,183.0,11.63,2.53,5.14,0.83,0.34,1.83,25.5,0.419,0.374,0.749,18.64,jarace walker
1641717.0,Cason Wallace,77,2031.6,660.0,200.0,238.0,150.0,28.0,73.0,252.0,584.0,101.0,288.0,55.0,68.0,8.57,2.6,3.09,1.95,0.36,0.95,26.4,0.432,0.351,0.809,15.62,cason wallace
1641718.0,Keyonte George,55,1775.7,1275.0,332.0,199.0,58.0,14.0,166.0,402.0,881.0,134.0,361.0,337.0,378.0,23.18,6.04,3.62,1.05,0.25,3.02,32.3,0.456,0.371,0.892,31.12,keyonte george
1641722.0,Jordan Hawkins,51,682.4,258.0,42.0,88.0,13.0,10.0,34.0,94.0,257.0,47.0,135.0,23.0,27.0,5.06,0.82,1.73,0.25,0.2,0.67,13.4,0.366,0.348,0.852,7.39,jordan hawkins
1641723.0,Kobe Bufkin,16,115.7,46.0,10.0,13.0,2.0,3.0,5.0,15.0,50.0,5.0,26.0,11.0,12.0,2.88,0.62,0.81,0.12,0.19,0.31,7.2,0.3,0.192,0.917,4.31,kobe bufkin
1641724.0,Jett Howard,55,683.6,301.0,45.0,87.0,10.0,11.0,15.0,105.0,251.0,54.0,145.0,37.0,39.0,5.47,0.82,1.58,0.18,0.2,0.27,12.4,0.418,0.372,0.949,7.98,jett howard
1641729.0,Brice Sensabaugh,76,1747.9,1116.0,143.0,231.0,54.0,12.0,124.0,394.0,857.0,162.0,442.0,166.0,201.0,14.68,1.88,3.04,0.71,0.16,1.63,23.0,0.46,0.367,0.826,18.84,brice sensabaugh
1641730.0,Noah Clowney,67,1766.4,809.0,108.0,273.0,50.0,45.0,102.0,250.0,631.0,129.0,392.0,180.0,224.0,12.07,1.61,4.07,0.75,0.67,1.52,26.4,0.396,0.329,0.804,17.65,noah clowney
1641731.0,Bilal Coulibaly,56,1457.4,657.0,145.0,243.0,75.0,54.0,81.0,230.0,541.0,65.0,204.0,132.0,177.0,11.73,2.59,4.34,1.34,0.96,1.45,26.0,0.425,0.319,0.746,19.51,bilal coulibaly
1641733.0,Nick Smith Jr.,30,369.3,185.0,31.0,23.0,9.0,2.0,21.0,70.0,161.0,34.0,86.0,11.0,15.0,6.17,1.03,0.77,0.3,0.07,0.7,12.3,0.435,0.395,0.733,7.64,nick smith
1641737.0,Adem Bona,71,1218.5,344.0,32.0,307.0,30.0,82.0,56.0,131.0,220.0,2.0,6.0,80.0,113.0,4.85,0.45,4.32,0.42,1.15,0.79,17.2,0.595,0.333,0.708,10.4,adem bona
1641738.0,Kobe Brown,61,949.4,353.0,80.0,185.0,23.0,12.0,53.0,127.0,271.0,52.0,139.0,47.0,59.0,5.79,1.31,3.03,0.38,0.2,0.87,15.6,0.469,0.374,0.797,9.84,kobe brown
1641739.0,Toumani Camara,82,2715.5,1100.0,201.0,421.0,94.0,35.0,144.0,392.0,891.0,219.0,592.0,97.0,137.0,13.41,2.45,5.13,1.15,0.43,1.76,33.1,0.44,0.37,0.708,20.81,toumani camara
1641740.0,Jaylen Clark,68,872.6,275.0,43.0,120.0,47.0,9.0,23.0,99.0,228.0,33.0,101.0,44.0,67.0,4.04,0.63,1.76,0.69,0.13,0.34,12.8,0.434,0.327,0.657,6.91,jaylen clark
1641744.0,Zach Edey,11,281.1,150.0,12.0,122.0,7.0,21.0,26.0,62.0,98.0,1.0,5.0,25.0,32.0,13.64,1.09,11.09,0.64,1.91,2.36,25.6,0.633,0.2,0.781,26.01,zach edey
1641747.0,DaRon Holmes II,25,204.5,93.0,16.0,35.0,1.0,6.0,12.0,31.0,61.0,20.0,45.0,11.0,14.0,3.72,0.64,1.4,0.04,0.24,0.48,8.2,0.508,0.444,0.786,5.56,daron holmes
1641748.0,Andre Jackson Jr.,48,398.9,113.0,43.0,72.0,19.0,4.0,31.0,39.0,119.0,15.0,60.0,20.0,32.0,2.35,0.9,1.5,0.4,0.08,0.65,8.3,0.328,0.25,0.625,4.58,andre jackson
1641750.0,Ryan Kalkbrenner,69,1465.1,521.0,54.0,377.0,32.0,101.0,62.0,219.0,291.0,0.0,5.0,83.0,116.0,7.55,0.78,5.46,0.46,1.46,0.9,21.2,0.753,0.0,0.716,14.81,ryan kalkbrenner
1641752.0,Bobi Klintman,12,68.4,22.0,6.0,19.0,3.0,0.0,6.0,9.0,27.0,4.0,13.0,0.0,3.0,1.83,0.5,1.58,0.25,0.0,0.5,5.7,0.333,0.308,0.0,3.66,bobi klintman
1641755.0,Kevin McCullar Jr.,21,150.6,50.0,20.0,28.0,9.0,0.0,12.0,20.0,47.0,8.0,24.0,2.0,5.0,2.38,0.95,1.33,0.43,0.0,0.57,7.2,0.426,0.333,0.4,4.52,kevin mccullar
1641757.0,Jordan Miller,60,1313.7,598.0,136.0,182.0,45.0,11.0,63.0,212.0,399.0,38.0,110.0,136.0,175.0,9.97,2.27,3.03,0.75,0.18,1.05,21.9,0.531,0.345,0.777,15.15,jordan miller
1641763.0,Julian Phillips,48,417.4,140.0,10.0,49.0,22.0,7.0,11.0,51.0,121.0,20.0,65.0,18.0,23.0,2.92,0.21,1.02,0.46,0.15,0.23,8.7,0.421,0.308,0.783,4.53,julian phillips
1641764.0,Brandin Podziemski,82,2315.2,1133.0,304.0,419.0,88.0,15.0,131.0,394.0,866.0,153.0,412.0,192.0,241.0,13.82,3.71,5.11,1.07,0.18,1.6,28.2,0.455,0.371,0.797,22.29,brandin podziemski
1641765.0,Olivier-Maxence Prosper,53,973.0,530.0,51.0,187.0,40.0,13.0,47.0,192.0,350.0,60.0,148.0,86.0,114.0,10.0,0.96,3.53,0.75,0.25,0.89,18.4,0.549,0.405,0.754,14.6,olivier-maxence prosper
1641767.0,Ben Sheppard,65,1378.3,459.0,114.0,195.0,39.0,6.0,41.0,168.0,387.0,84.0,232.0,39.0,51.0,7.06,1.75,3.0,0.6,0.09,0.63,21.2,0.434,0.362,0.765,11.87,ben sheppard
1641771.0,Jalen Slawson,14,307.9,95.0,36.0,57.0,20.0,14.0,17.0,34.0,77.0,15.0,40.0,12.0,17.0,6.79,2.57,4.07,1.43,1.0,1.21,22.0,0.442,0.375,0.706,14.65,jalen slawson
1641772.0,Nae'Qwan Tomlin,64,989.4,374.0,53.0,186.0,41.0,34.0,29.0,150.0,314.0,27.0,115.0,47.0,61.0,5.84,0.83,2.91,0.64,0.53,0.45,15.5,0.478,0.235,0.77,10.3,naeqwan tomlin
1641774.0,Tristan Vukcevic,49,662.2,441.0,55.0,147.0,23.0,32.0,62.0,152.0,317.0,50.0,144.0,87.0,111.0,9.0,1.12,3.0,0.47,0.65,1.27,13.5,0.479,0.347,0.784,12.97,tristan vukcevic
1641775.0,Jordan Walsh,68,1197.6,364.0,54.0,272.0,49.0,31.0,35.0,136.0,267.0,48.0,125.0,44.0,57.0,5.35,0.79,4.0,0.72,0.46,0.51,17.6,0.509,0.384,0.772,10.81,jordan walsh
1641778.0,Leaky Black,15,430.2,106.0,22.0,75.0,18.0,8.0,14.0,40.0,103.0,19.0,55.0,7.0,8.0,7.07,1.47,5.0,1.2,0.53,0.93,28.7,0.388,0.345,0.875,14.34,leaky black
1641780.0,Johni Broome,12,52.4,10.0,4.0,16.0,3.0,2.0,3.0,4.0,24.0,0.0,5.0,2.0,6.0,0.83,0.33,1.33,0.25,0.17,0.25,4.4,0.167,0.0,0.333,2.66,johni broome
1641783.0,Tristan da Silva,77,1882.9,762.0,124.0,284.0,68.0,25.0,69.0,279.0,620.0,120.0,321.0,84.0,95.0,9.9,1.61,3.69,0.88,0.32,0.9,24.5,0.45,0.374,0.884,15.5,tristan da silva
1641790.0,PJ Hall,19,209.6,86.0,10.0,75.0,3.0,10.0,16.0,30.0,59.0,3.0,5.0,23.0,29.0,4.53,0.53,3.95,0.16,0.53,0.84,11.0,0.508,0.6,0.793,8.86,pj hall
1641796.0,Pelle Larsson,70,1833.9,800.0,236.0,244.0,49.0,16.0,101.0,277.0,559.0,62.0,192.0,184.0,231.0,11.43,3.37,3.49,0.7,0.23,1.44,26.2,0.496,0.323,0.797,17.78,pelle larsson
1641810.0,Antonio Reeves,10,65.4,27.0,3.0,8.0,1.0,0.0,1.0,10.0,20.0,7.0,13.0,0.0,0.0,2.7,0.3,0.8,0.1,0.0,0.1,6.5,0.5,0.538,,3.8,antonio reeves
1641816.0,Hunter Tyson,21,157.9,46.0,17.0,36.0,2.0,1.0,5.0,14.0,52.0,7.0,33.0,11.0,13.0,2.19,0.81,1.71,0.1,0.05,0.24,7.5,0.269,0.212,0.846,4.62,hunter tyson
1641824.0,Matas Buzelis,77,2231.8,1252.0,158.0,448.0,55.0,116.0,159.0,446.0,963.0,173.0,495.0,187.0,238.0,16.26,2.05,5.82,0.71,1.51,2.06,29.0,0.463,0.349,0.786,24.29,matas buzelis
1641842.0,Ronald Holland II,78,1536.7,640.0,95.0,315.0,92.0,27.0,96.0,235.0,544.0,50.0,198.0,120.0,149.0,8.21,1.22,4.04,1.18,0.35,1.23,19.7,0.432,0.253,0.805,13.77,ronald holland
1641854.0,Craig Porter Jr.,64,1133.8,289.0,205.0,220.0,57.0,38.0,59.0,116.0,258.0,33.0,93.0,24.0,40.0,4.52,3.2,3.44,0.89,0.59,0.92,17.7,0.45,0.355,0.6,11.72,craig porter
1641869.0,Malachi Smith,15,356.5,124.0,49.0,51.0,12.0,4.0,14.0,48.0,99.0,20.0,46.0,8.0,8.0,8.27,3.27,3.4,0.8,0.27,0.93,23.8,0.485,0.435,1.0,15.08,malachi smith
1641871.0,Duop Reath,33,252.1,94.0,10.0,38.0,5.0,8.0,7.0,33.0,74.0,23.0,55.0,5.0,6.0,2.85,0.3,1.15,0.15,0.24,0.21,7.6,0.446,0.418,0.833,4.48,duop reath
1641890.0,Tyler Smith,13,162.6,56.0,5.0,33.0,6.0,0.0,6.0,21.0,50.0,10.0,35.0,4.0,6.0,4.31,0.38,2.54,0.46,0.0,0.46,12.5,0.42,0.286,0.667,7.23,tyler smith
1641989.0,Elijah Harkless,26,539.7,178.0,75.0,53.0,31.0,6.0,26.0,54.0,161.0,21.0,88.0,49.0,64.0,6.85,2.88,2.04,1.19,0.23,1.0,20.8,0.335,0.239,0.766,12.19,elijah harkless
1641998.0,Trey Jemison III,13,78.6,13.0,5.0,18.0,1.0,2.0,10.0,6.0,10.0,0.0,0.0,1.0,1.0,1.0,0.38,1.38,0.08,0.15,0.77,6.0,0.6,,1.0,2.22,trey jemison
1642066.0,Myron Gardner,45,401.1,163.0,44.0,122.0,20.0,8.0,17.0,59.0,123.0,26.0,64.0,19.0,26.0,3.62,0.98,2.71,0.44,0.18,0.38,8.9,0.48,0.406,0.731,7.55,myron gardner
1642258.0,Zaccharie Risacher,67,1490.8,641.0,76.0,257.0,59.0,36.0,58.0,244.0,536.0,95.0,258.0,58.0,90.0,9.57,1.13,3.84,0.88,0.54,0.87,22.3,0.455,0.368,0.644,15.09,zaccharie risacher
1642259.0,Alex Sarr,48,1295.2,783.0,130.0,355.0,39.0,95.0,82.0,316.0,656.0,50.0,150.0,101.0,146.0,16.31,2.71,7.4,0.81,1.98,1.71,27.0,0.482,0.333,0.692,27.5,alex sarr
1642260.0,Nikola Topic,11,158.5,52.0,44.0,19.0,5.0,0.0,25.0,22.0,51.0,6.0,15.0,2.0,5.0,4.73,4.0,1.73,0.45,0.0,2.27,14.4,0.431,0.4,0.4,8.64,nikola topic
1642261.0,Dalton Knecht,54,542.2,228.0,21.0,75.0,11.0,11.0,23.0,87.0,191.0,38.0,111.0,16.0,22.0,4.22,0.39,1.39,0.2,0.2,0.43,10.0,0.455,0.342,0.727,5.97,dalton knecht
1642262.0,Cody Williams,67,1618.3,588.0,137.0,198.0,51.0,26.0,73.0,238.0,509.0,28.0,131.0,84.0,119.0,8.78,2.04,2.96,0.76,0.39,1.09,24.2,0.468,0.214,0.706,13.84,cody williams
1642263.0,Reed Sheppard,82,2131.4,1110.0,277.0,238.0,122.0,54.0,123.0,407.0,946.0,227.0,576.0,69.0,86.0,13.54,3.38,2.9,1.49,0.66,1.5,26.0,0.43,0.394,0.802,20.47,reed sheppard
1642264.0,Stephon Castle,69,2023.9,1131.0,502.0,361.0,78.0,19.0,217.0,384.0,816.0,81.0,244.0,282.0,384.0,16.39,7.28,5.23,1.13,0.28,3.14,29.3,0.471,0.332,0.734,27.17,stephon castle
1642265.0,Rob Dillingham,65,956.8,409.0,143.0,131.0,47.0,6.0,100.0,163.0,412.0,42.0,133.0,41.0,55.0,6.29,2.2,2.02,0.72,0.09,1.54,14.7,0.396,0.316,0.745,9.78,rob dillingham
1642266.0,Ja'Kobe Walter,72,1459.4,541.0,86.0,185.0,73.0,14.0,37.0,180.0,404.0,110.0,269.0,71.0,90.0,7.51,1.19,2.57,1.01,0.19,0.51,20.3,0.446,0.409,0.789,11.96,jakobe walter
1642267.0,Bub Carrington,82,2252.8,878.0,381.0,276.0,52.0,17.0,191.0,314.0,741.0,169.0,414.0,81.0,111.0,10.71,4.65,3.37,0.63,0.21,2.33,27.5,0.424,0.408,0.73,17.24,bub carrington
1642268.0,Isaiah Collier,59,1506.2,688.0,423.0,150.0,66.0,20.0,148.0,255.0,515.0,27.0,100.0,151.0,209.0,11.66,7.17,2.54,1.12,0.34,2.51,25.5,0.495,0.27,0.722,20.32,isaiah collier
1642269.0,Devin Carter,38,691.1,339.0,101.0,125.0,34.0,9.0,54.0,121.0,292.0,30.0,114.0,67.0,94.0,8.92,2.66,3.29,0.89,0.24,1.42,18.2,0.414,0.263,0.713,14.58,devin carter
1642270.0,Donovan Clingan,77,2078.2,934.0,162.0,892.0,44.0,130.0,95.0,356.0,684.0,84.0,246.0,138.0,203.0,12.13,2.1,11.58,0.57,1.69,1.23,27.0,0.52,0.341,0.68,26.84,donovan clingan
1642271.0,Kyle Filipowski,77,1786.6,879.0,198.0,552.0,73.0,39.0,125.0,323.0,657.0,74.0,228.0,159.0,212.0,11.42,2.57,7.17,0.95,0.51,1.62,23.2,0.492,0.325,0.75,21.0,kyle filipowski
1642272.0,Jared McCain,67,1145.8,558.0,90.0,137.0,35.0,5.0,56.0,204.0,480.0,99.0,257.0,51.0,59.0,8.33,1.34,2.04,0.52,0.07,0.84,17.1,0.425,0.385,0.864,11.46,jared mccain
1642273.0,Kyshawn George,48,1381.8,710.0,214.0,245.0,48.0,43.0,125.0,253.0,577.0,99.0,260.0,105.0,131.0,14.79,4.46,5.1,1.0,0.9,2.6,28.8,0.438,0.381,0.802,23.65,kyshawn george
1642274.0,Yves Missi,66,1283.8,377.0,84.0,385.0,20.0,101.0,54.0,160.0,294.0,0.0,1.0,57.0,102.0,5.71,1.27,5.83,0.3,1.53,0.82,19.5,0.544,0.0,0.559,13.82,yves missi
1642275.0,Tidjane Salaun,37,568.0,222.0,27.0,149.0,16.0,7.0,26.0,80.0,159.0,36.0,83.0,26.0,40.0,6.0,0.73,4.03,0.43,0.19,0.7,15.4,0.503,0.434,0.65,10.68,tidjane salaun
1642276.0,Kel'el Ware,77,1688.3,851.0,56.0,694.0,59.0,84.0,62.0,344.0,649.0,92.0,233.0,71.0,96.0,11.05,0.73,9.01,0.77,1.09,0.81,21.9,0.53,0.395,0.74,21.84,kelel ware
1642277.0,Johnny Furphy,36,635.4,180.0,41.0,153.0,20.0,7.0,29.0,70.0,149.0,23.0,71.0,17.0,35.0,5.0,1.14,4.25,0.56,0.19,0.81,17.6,0.47,0.324,0.486,10.33,johnny furphy
1642278.0,Tyler Kolek,62,715.9,274.0,170.0,98.0,22.0,4.0,55.0,108.0,248.0,44.0,114.0,14.0,20.0,4.42,2.74,1.58,0.35,0.06,0.89,11.5,0.435,0.386,0.7,8.26,tyler kolek
1642281.0,Jaylon Tyson,66,1763.7,872.0,147.0,338.0,54.0,28.0,99.0,330.0,670.0,133.0,298.0,79.0,107.0,13.21,2.23,5.12,0.82,0.42,1.5,26.7,0.493,0.446,0.738,20.3,jaylon tyson
1642285.0,Cam Spencer,72,1699.5,798.0,400.0,183.0,52.0,11.0,93.0,263.0,556.0,146.0,326.0,126.0,134.0,11.08,5.56,2.54,0.72,0.15,1.29,23.6,0.473,0.448,0.94,18.76,cam spencer
1642345.0,Oso Ighodaro,82,1792.2,531.0,185.0,418.0,73.0,57.0,101.0,239.0,366.0,0.0,1.0,53.0,117.0,6.48,2.26,5.1,0.89,0.7,1.23,21.9,0.653,0.0,0.453,14.2,oso ighodaro
1642346.0,Ryan Dunn,70,1340.4,407.0,102.0,297.0,60.0,29.0,56.0,164.0,362.0,56.0,169.0,23.0,47.0,5.81,1.46,4.24,0.86,0.41,0.8,19.1,0.453,0.331,0.489,11.98,ryan dunn
1642347.0,Jamal Shead,82,1839.0,545.0,444.0,143.0,76.0,15.0,112.0,185.0,504.0,84.0,262.0,91.0,116.0,6.65,5.41,1.74,0.93,0.18,1.37,22.4,0.367,0.321,0.784,13.54,jamal shead
1642348.0,Justin Edwards,64,966.2,386.0,80.0,94.0,54.0,11.0,36.0,143.0,320.0,67.0,180.0,33.0,39.0,6.03,1.25,1.47,0.84,0.17,0.56,15.1,0.447,0.372,0.846,9.2,justin edwards
1642349.0,Ajay Mitchell,58,1462.5,774.0,206.0,190.0,71.0,18.0,81.0,286.0,590.0,61.0,176.0,141.0,162.0,13.34,3.55,3.28,1.22,0.31,1.4,25.2,0.485,0.347,0.87,20.3,ajay mitchell
1642352.0,Keshad Johnson,32,272.9,136.0,8.0,62.0,15.0,8.0,13.0,51.0,104.0,13.0,44.0,21.0,29.0,4.25,0.25,1.94,0.47,0.25,0.41,8.5,0.49,0.295,0.724,6.75,keshad johnson
1642353.0,Cam Christie,55,469.1,156.0,31.0,78.0,16.0,3.0,22.0,53.0,139.0,12.0,49.0,38.0,50.0,2.84,0.56,1.42,0.29,0.05,0.4,8.5,0.381,0.245,0.76,4.76,cam christie
1642354.0,KJ Simpson,20,254.6,91.0,43.0,37.0,16.0,0.0,25.0,34.0,99.0,12.0,40.0,11.0,18.0,4.55,2.15,1.85,0.8,0.0,1.25,12.7,0.343,0.3,0.611,8.1,kj simpson
1642355.0,Bronny James,42,366.1,122.0,51.0,23.0,19.0,4.0,25.0,47.0,115.0,22.0,57.0,6.0,7.0,2.9,1.21,0.55,0.45,0.1,0.6,8.7,0.409,0.386,0.857,4.61,bronny james
1642357.0,David Jones Garcia,13,65.2,32.0,18.0,13.0,6.0,1.0,5.0,13.0,25.0,3.0,5.0,3.0,6.0,2.46,1.38,1.0,0.46,0.08,0.38,5.0,0.52,0.6,0.5,5.0,david jones garcia
1642358.0,AJ Johnson,48,443.7,160.0,47.0,55.0,11.0,3.0,30.0,57.0,176.0,12.0,57.0,34.0,40.0,3.33,0.98,1.15,0.23,0.06,0.62,9.2,0.324,0.211,0.85,5.13,aj johnson
1642359.0,Pacome Dadiet,29,130.2,48.0,12.0,27.0,3.0,1.0,3.0,16.0,48.0,7.0,32.0,9.0,11.0,1.66,0.41,0.93,0.1,0.03,0.1,4.5,0.333,0.219,0.818,3.03,pacome dadiet
1642363.0,Nique Clifford,75,1866.0,645.0,179.0,282.0,68.0,24.0,116.0,249.0,596.0,77.0,231.0,70.0,97.0,8.6,2.39,3.76,0.91,0.32,1.55,24.9,0.418,0.333,0.722,14.43,nique clifford
1642364.0,Jamir Watkins,50,1022.1,368.0,67.0,194.0,54.0,25.0,40.0,132.0,296.0,47.0,158.0,57.0,82.0,7.36,1.34,3.88,1.08,0.5,0.8,20.4,0.446,0.297,0.695,13.36,jamir watkins
1642366.0,Quinten Post,68,1145.5,513.0,94.0,269.0,26.0,35.0,56.0,193.0,439.0,93.0,277.0,34.0,43.0,7.54,1.38,3.96,0.38,0.51,0.82,16.8,0.44,0.336,0.791,12.95,quinten post
1642367.0,Jonathan Mogbo,40,240.1,61.0,25.0,68.0,11.0,8.0,14.0,26.0,44.0,0.0,1.0,9.0,14.0,1.52,0.62,1.7,0.28,0.2,0.35,6.0,0.591,0.0,0.643,3.97,jonathan mogbo
1642377.0,Jaylen Wells,69,1807.6,865.0,111.0,220.0,61.0,9.0,74.0,301.0,698.0,129.0,365.0,134.0,171.0,12.54,1.61,3.19,0.88,0.13,1.07,26.2,0.431,0.353,0.784,17.28,jaylen wells
1642382.0,Branden Carlson,43,479.3,242.0,29.0,124.0,8.0,27.0,16.0,98.0,186.0,31.0,86.0,15.0,26.0,5.63,0.67,2.88,0.19,0.63,0.37,11.1,0.527,0.36,0.577,9.63,branden carlson
1642383.0,Walter Clayton Jr.,69,1397.9,538.0,279.0,139.0,44.0,19.0,116.0,177.0,461.0,75.0,244.0,109.0,121.0,7.8,4.04,2.01,0.64,0.28,1.68,20.3,0.384,0.307,0.901,13.09,walter clayton
1642384.0,Isaiah Crawford,14,89.3,28.0,5.0,16.0,2.0,3.0,4.0,10.0,24.0,3.0,13.0,5.0,6.0,2.0,0.36,1.14,0.14,0.21,0.29,6.4,0.417,0.231,0.833,3.56,isaiah crawford
1642396.0,Blake Hinson,14,282.9,167.0,16.0,33.0,5.0,2.0,5.0,59.0,115.0,37.0,79.0,12.0,16.0,11.93,1.14,2.36,0.36,0.14,0.36,20.2,0.513,0.468,0.75,15.57,blake hinson
1642404.0,Chaz Lanier,34,256.0,80.0,17.0,23.0,7.0,0.0,3.0,28.0,89.0,19.0,67.0,5.0,6.0,2.35,0.5,0.68,0.21,0.0,0.09,7.5,0.315,0.284,0.833,3.65,chaz lanier
1642419.0,Jamison Battle,61,504.9,192.0,24.0,89.0,7.0,3.0,19.0,74.0,145.0,35.0,85.0,9.0,14.0,3.15,0.39,1.46,0.11,0.05,0.31,8.3,0.51,0.412,0.643,4.85,jamison battle
1642443.0,Jahmir Young,14,55.3,25.0,9.0,4.0,1.0,0.0,3.0,10.0,25.0,3.0,9.0,2.0,2.0,1.79,0.64,0.29,0.07,0.0,0.21,4.0,0.4,0.333,1.0,2.58,jahmir young
1642449.0,Tolu Smith,15,135.3,56.0,13.0,49.0,2.0,6.0,7.0,18.0,36.0,0.0,0.0,20.0,30.0,3.73,0.87,3.27,0.13,0.4,0.47,9.0,0.5,,0.667,7.93,tolu smith
1642450.0,Daniss Jenkins,72,1442.8,671.0,278.0,166.0,64.0,15.0,115.0,232.0,568.0,73.0,195.0,134.0,161.0,9.32,3.86,2.31,0.89,0.21,1.6,20.0,0.408,0.374,0.832,14.99,daniss jenkins
1642461.0,Spencer Jones,64,1402.9,352.0,51.0,209.0,52.0,29.0,31.0,132.0,262.0,57.0,144.0,31.0,51.0,5.5,0.8,3.27,0.81,0.45,0.48,21.9,0.504,0.396,0.608,10.35,spencer jones
1642484.0,RayJ Dennis,18,202.5,74.0,33.0,26.0,4.0,4.0,17.0,26.0,83.0,14.0,45.0,8.0,9.0,4.11,1.83,1.44,0.22,0.22,0.94,11.2,0.313,0.311,0.889,6.88,rayj dennis
1642502.0,Malevy Leons,25,270.7,83.0,23.0,53.0,14.0,9.0,13.0,32.0,72.0,4.0,16.0,15.0,19.0,3.32,0.92,2.12,0.56,0.36,0.52,10.8,0.444,0.25,0.789,6.76,malevy leons
1642504.0,Cormac Ryan,11,268.4,157.0,19.0,28.0,11.0,3.0,17.0,53.0,102.0,27.0,59.0,24.0,26.0,14.27,1.73,2.55,1.0,0.27,1.55,24.4,0.52,0.458,0.923,18.27,cormac ryan
1642530.0,Yuki Kawamura,18,205.0,62.0,47.0,33.0,9.0,0.0,14.0,17.0,52.0,11.0,37.0,17.0,19.0,3.44,2.61,1.83,0.5,0.0,0.78,11.4,0.327,0.297,0.895,7.6,yuki kawamura
1642843.0,Cooper Flagg,71,2328.3,1473.0,316.0,466.0,84.0,64.0,161.0,559.0,1194.0,72.0,244.0,283.0,342.0,20.75,4.45,6.56,1.18,0.9,2.27,32.8,0.468,0.295,0.827,31.57,cooper flagg
1642844.0,Dylan Harper,69,1545.2,813.0,266.0,234.0,54.0,24.0,99.0,331.0,656.0,61.0,178.0,90.0,119.0,11.78,3.86,3.39,0.78,0.35,1.43,22.4,0.505,0.343,0.756,18.73,dylan harper
1642845.0,VJ Edgecombe,75,2608.0,1199.0,315.0,423.0,107.0,39.0,137.0,451.0,1030.0,149.0,421.0,148.0,181.0,15.99,4.2,5.64,1.43,0.52,1.83,34.8,0.438,0.354,0.818,25.95,vj edgecombe
1642846.0,Ace Bailey,72,1974.6,993.0,131.0,302.0,60.0,49.0,107.0,395.0,892.0,137.0,398.0,66.0,88.0,13.79,1.82,4.19,0.83,0.68,1.49,27.4,0.443,0.344,0.75,19.82,ace bailey
1642847.0,Jeremiah Fears,82,2097.6,1169.0,279.0,300.0,97.0,30.0,178.0,437.0,1006.0,101.0,306.0,194.0,246.0,14.26,3.4,3.66,1.18,0.37,2.17,25.6,0.434,0.33,0.789,20.7,jeremiah fears
1642848.0,Tre Johnson,60,1433.3,733.0,122.0,170.0,33.0,18.0,93.0,271.0,647.0,115.0,321.0,76.0,87.0,12.22,2.03,2.83,0.55,0.3,1.55,23.9,0.419,0.358,0.874,16.38,tre johnson
1642849.0,Nolan Traore,56,1231.2,499.0,213.0,99.0,45.0,23.0,129.0,182.0,479.0,61.0,192.0,74.0,94.0,8.91,3.8,1.77,0.8,0.41,2.3,22.0,0.38,0.318,0.787,13.39,nolan traore
1642851.0,Kon Knueppel,81,2534.4,1498.0,274.0,432.0,57.0,19.0,161.0,515.0,1084.0,273.0,642.0,195.0,226.0,18.49,3.38,5.33,0.7,0.23,1.99,31.3,0.475,0.425,0.863,26.14,kon knueppel
1642852.0,Derik Queen,81,2006.5,948.0,298.0,572.0,84.0,74.0,190.0,354.0,748.0,23.0,88.0,217.0,273.0,11.7,3.68,7.06,1.04,0.91,2.35,24.8,0.473,0.261,0.795,22.04,derik queen
1642853.0,Rasheer Fleming,55,662.4,238.0,16.0,124.0,22.0,21.0,29.0,87.0,215.0,45.0,130.0,19.0,34.0,4.33,0.29,2.25,0.4,0.38,0.53,12.0,0.405,0.346,0.559,7.12,rasheer fleming
1642854.0,Asa Newell,44,490.4,227.0,26.0,96.0,16.0,15.0,23.0,91.0,169.0,29.0,75.0,16.0,29.0,5.16,0.59,2.18,0.36,0.34,0.52,11.1,0.538,0.387,0.552,8.11,asa newell
1642856.0,Egor Demin,53,1298.9,536.0,173.0,165.0,42.0,17.0,86.0,179.0,449.0,124.0,322.0,54.0,65.0,10.11,3.26,3.11,0.79,0.32,1.62,24.5,0.399,0.385,0.831,15.97,egor demin
1642857.0,Kasparas Jakucionis,53,932.8,328.0,137.0,138.0,33.0,7.0,50.0,102.0,238.0,66.0,156.0,58.0,66.0,6.19,2.58,2.6,0.62,0.13,0.94,17.6,0.429,0.423,0.879,11.18,kasparas jakucionis
1642859.0,Jase Richardson,54,575.2,239.0,58.0,63.0,19.0,2.0,25.0,89.0,188.0,28.0,79.0,33.0,46.0,4.43,1.07,1.17,0.35,0.04,0.46,10.7,0.473,0.354,0.717,6.6,jase richardson
1642860.0,Will Riley,74,1617.5,764.0,146.0,212.0,54.0,10.0,94.0,271.0,618.0,78.0,247.0,144.0,180.0,10.32,1.97,2.86,0.73,0.14,1.27,21.9,0.439,0.316,0.8,14.75,will riley
1642862.0,Liam McNeeley,31,362.1,132.0,24.0,73.0,5.0,3.0,13.0,38.0,95.0,24.0,60.0,32.0,39.0,4.26,0.77,2.35,0.16,0.1,0.42,11.7,0.4,0.4,0.821,7.22,liam mcneeley
1642863.0,Khaman Maluach,46,402.2,139.0,6.0,133.0,5.0,33.0,25.0,56.0,105.0,5.0,21.0,22.0,31.0,3.02,0.13,2.89,0.11,0.72,0.54,8.7,0.533,0.238,0.71,6.33,khaman maluach
1642864.0,Hugo Gonzalez,74,1069.2,289.0,40.0,246.0,42.0,21.0,38.0,117.0,246.0,42.0,116.0,13.0,26.0,3.91,0.54,3.32,0.57,0.28,0.51,14.4,0.476,0.362,0.5,8.11,hugo gonzalez
1642866.0,Joan Beringer,40,306.1,156.0,12.0,92.0,7.0,26.0,11.0,65.0,98.0,0.0,0.0,26.0,37.0,3.9,0.3,2.3,0.18,0.65,0.28,7.7,0.663,,0.703,7.05,joan beringer
1642867.0,Collin Murray-Boyles,57,1235.4,484.0,106.0,285.0,52.0,53.0,59.0,198.0,342.0,17.0,50.0,71.0,108.0,8.49,1.86,5.0,0.91,0.93,1.04,21.7,0.579,0.34,0.657,16.15,collin murray-boyles
1642868.0,Carter Bryant,71,805.5,298.0,47.0,178.0,16.0,23.0,33.0,108.0,265.0,52.0,155.0,30.0,42.0,4.2,0.66,2.51,0.23,0.32,0.46,11.3,0.408,0.335,0.714,7.46,carter bryant
1642869.0,Noah Penda,59,744.4,227.0,70.0,187.0,30.0,18.0,42.0,82.0,203.0,30.0,93.0,33.0,48.0,3.85,1.19,3.17,0.51,0.31,0.71,12.6,0.404,0.323,0.688,8.32,noah penda
1642873.0,Amari Williams,22,141.8,30.0,10.0,40.0,3.0,10.0,11.0,10.0,20.0,0.0,0.0,10.0,14.0,1.36,0.45,1.82,0.14,0.45,0.5,6.4,0.5,,0.714,3.72,amari williams
1642874.0,Danny Wolf,57,1174.3,508.0,127.0,281.0,30.0,32.0,73.0,178.0,440.0,68.0,211.0,84.0,109.0,8.91,2.23,4.93,0.53,0.56,1.28,20.6,0.405,0.322,0.771,15.88,danny wolf
1642875.0,Maxime Raynaud,74,1948.7,922.0,100.0,556.0,38.0,39.0,94.0,383.0,671.0,24.0,74.0,132.0,168.0,12.46,1.35,7.51,0.51,0.53,1.27,26.3,0.571,0.324,0.786,21.09,maxime raynaud
1642876.0,Adou Thiero,25,143.3,47.0,10.0,28.0,7.0,2.0,9.0,16.0,31.0,1.0,3.0,14.0,22.0,1.88,0.4,1.12,0.28,0.08,0.36,5.7,0.516,0.333,0.636,3.4,adou thiero
1642877.0,Micah Peavy,61,901.4,262.0,61.0,117.0,43.0,9.0,20.0,106.0,275.0,28.0,108.0,22.0,29.0,4.3,1.0,1.92,0.7,0.15,0.33,14.8,0.385,0.259,0.759,7.74,micah peavy
1642878.0,Tyrese Proctor,50,535.5,272.0,74.0,64.0,25.0,0.0,40.0,93.0,225.0,46.0,131.0,40.0,45.0,5.44,1.48,1.28,0.5,0.0,0.8,10.7,0.413,0.351,0.889,7.9,tyrese proctor
1642879.0,Ben Saraf,44,908.2,332.0,145.0,92.0,38.0,8.0,99.0,120.0,303.0,19.0,90.0,73.0,88.0,7.55,3.3,2.09,0.86,0.18,2.25,20.6,0.396,0.211,0.83,11.73,ben saraf
1642880.0,Kam Jones,37,609.4,162.0,119.0,60.0,18.0,0.0,36.0,68.0,169.0,22.0,75.0,4.0,8.0,4.38,3.22,1.62,0.49,0.0,0.97,16.5,0.402,0.293,0.5,8.74,kam jones
1642882.0,Julian Reese,13,398.9,154.0,24.0,137.0,18.0,8.0,32.0,63.0,119.0,0.0,0.0,28.0,44.0,11.85,1.85,10.54,1.38,0.62,2.46,30.7,0.529,,0.636,23.78,julian reese
1642883.0,Sion James,82,1826.4,441.0,163.0,287.0,52.0,20.0,66.0,138.0,372.0,83.0,236.0,82.0,98.0,5.38,1.99,3.5,0.63,0.24,0.8,22.3,0.371,0.352,0.837,10.94,sion james
1642884.0,Vladislav Goldin,10,22.4,7.0,3.0,9.0,0.0,3.0,3.0,3.0,4.0,0.0,0.0,1.0,1.0,0.7,0.3,0.9,0.0,0.3,0.3,2.2,0.75,,1.0,1.9,vladislav goldin
1642885.0,Mohamed Diawara,69,620.9,246.0,53.0,94.0,17.0,6.0,30.0,90.0,213.0,48.0,130.0,18.0,24.0,3.57,0.77,1.36,0.25,0.09,0.43,9.0,0.423,0.369,0.75,5.61,mohamed diawara
1642886.0,Koby Brea,12,81.1,45.0,10.0,8.0,1.0,0.0,4.0,15.0,36.0,13.0,30.0,2.0,2.0,3.75,0.83,0.67,0.08,0.0,0.33,6.8,0.417,0.433,1.0,5.0,koby brea
1642905.0,Hansen Yang,43,291.9,95.0,22.0,66.0,3.0,10.0,32.0,31.0,100.0,5.0,42.0,28.0,34.0,2.21,0.51,1.53,0.07,0.23,0.74,6.8,0.31,0.119,0.824,3.81,hansen yang
1642907.0,Cedric Coward,62,1584.4,843.0,171.0,364.0,40.0,27.0,105.0,305.0,648.0,93.0,275.0,140.0,166.0,13.6,2.76,5.87,0.65,0.44,1.69,25.6,0.471,0.338,0.843,21.63,cedric coward
1642914.0,Javon Small,41,821.2,396.0,151.0,128.0,34.0,9.0,56.0,134.0,288.0,60.0,142.0,68.0,82.0,9.66,3.68,3.12,0.83,0.22,1.37,20.0,0.465,0.423,0.829,16.14,javon small
1642917.0,Max Shulga,11,33.8,7.0,2.0,6.0,1.0,0.0,3.0,2.0,8.0,1.0,4.0,2.0,2.0,0.64,0.18,0.55,0.09,0.0,0.27,3.1,0.25,0.25,1.0,1.19,max shulga
1642918.0,Alijah Martin,23,141.0,51.0,12.0,21.0,8.0,4.0,8.0,16.0,50.0,4.0,21.0,15.0,19.0,2.22,0.52,0.91,0.35,0.17,0.35,6.1,0.32,0.19,0.789,3.82,alijah martin
1642920.0,Kobe Sanders,68,1338.4,495.0,109.0,153.0,49.0,10.0,81.0,179.0,384.0,80.0,196.0,57.0,69.0,7.28,1.6,2.25,0.72,0.15,1.19,19.7,0.466,0.408,0.826,10.81,kobe sanders
1642928.0,Dylan Cardwell,44,895.9,238.0,62.0,332.0,30.0,67.0,39.0,105.0,179.0,2.0,4.0,26.0,51.0,5.41,1.41,7.55,0.68,1.52,0.89,20.4,0.587,0.5,0.51,15.68,dylan cardwell
1642938.0,Curtis Jones,10,85.0,29.0,10.0,11.0,4.0,0.0,2.0,11.0,27.0,6.0,18.0,1.0,2.0,2.9,1.0,1.1,0.4,0.0,0.2,8.5,0.407,0.333,0.5,5.2,curtis jones
1642939.0,Miles Kelly,15,130.6,43.0,12.0,24.0,4.0,1.0,6.0,16.0,44.0,10.0,33.0,1.0,1.0,2.87,0.8,1.6,0.27,0.07,0.4,8.7,0.364,0.303,1.0,5.21,miles kelly
1642942.0,Jahmai Mashack,31,668.3,192.0,69.0,81.0,37.0,14.0,49.0,77.0,195.0,19.0,75.0,19.0,35.0,6.19,2.23,2.61,1.19,0.45,1.58,21.6,0.395,0.253,0.543,11.09,jahmai mashack
1642948.0,Ryan Nembhard,60,1158.1,397.0,316.0,133.0,25.0,2.0,85.0,162.0,390.0,48.0,135.0,25.0,31.0,6.62,5.27,2.22,0.42,0.03,1.42,19.3,0.415,0.356,0.806,13.14,ryan nembhard
1642949.0,Yanic Konan Niederhauser,41,415.4,176.0,12.0,117.0,5.0,30.0,23.0,64.0,100.0,1.0,5.0,47.0,62.0,4.29,0.29,2.85,0.12,0.73,0.56,10.1,0.64,0.2,0.758,7.72,yanic konan niederhauser
1642950.0,Lachlan Olbrich,37,337.3,89.0,42.0,112.0,12.0,8.0,16.0,36.0,77.0,2.0,19.0,15.0,40.0,2.41,1.14,3.03,0.32,0.22,0.43,9.1,0.468,0.105,0.375,6.69,lachlan olbrich
1642954.0,Will Richard,69,1364.1,441.0,93.0,172.0,80.0,9.0,53.0,162.0,346.0,71.0,212.0,46.0,54.0,6.39,1.35,2.49,1.16,0.13,0.77,19.8,0.468,0.335,0.852,10.75,will richard
1642959.0,Chris Youngblood,35,177.5,71.0,12.0,28.0,4.0,3.0,2.0,22.0,63.0,18.0,54.0,9.0,10.0,2.03,0.34,0.8,0.11,0.09,0.06,5.1,0.349,0.333,0.9,3.31,chris youngblood
1642962.0,Drake Powell,63,1306.5,408.0,91.0,111.0,36.0,14.0,60.0,144.0,358.0,51.0,182.0,69.0,77.0,6.48,1.44,1.76,0.57,0.22,0.95,20.7,0.402,0.28,0.896,9.52,drake powell
1642964.0,Brooks Barnhizer,41,340.7,68.0,22.0,78.0,11.0,5.0,10.0,27.0,71.0,7.0,24.0,7.0,10.0,1.66,0.54,1.9,0.27,0.12,0.24,8.3,0.38,0.292,0.7,4.25,brooks barnhizer
1642967.0,John Poulakidas,14,250.5,115.0,11.0,30.0,7.0,4.0,4.0,39.0,91.0,31.0,77.0,6.0,7.0,8.21,0.79,2.14,0.5,0.29,0.29,17.9,0.429,0.403,0.857,11.64,john poulakidas
1643007.0,Taelon Peter,39,484.9,171.0,40.0,59.0,26.0,4.0,27.0,60.0,158.0,41.0,125.0,10.0,16.0,4.38,1.03,1.51,0.67,0.1,0.69,12.4,0.38,0.328,0.625,7.0,taelon peter
1643016.0,Bez Mbeng,15,488.9,122.0,62.0,57.0,34.0,5.0,22.0,50.0,100.0,6.0,31.0,16.0,25.0,8.13,4.13,3.8,2.27,0.33,1.47,32.6,0.5,0.194,0.64,17.19,bez mbeng
1643018.0,LJ Cryer,18,289.3,148.0,18.0,28.0,3.0,0.0,14.0,47.0,117.0,37.0,94.0,17.0,19.0,8.22,1.0,1.56,0.17,0.0,0.78,16.1,0.402,0.394,0.895,10.17,lj cryer
1643024.0,Chris Manon,10,43.6,7.0,3.0,10.0,5.0,2.0,1.0,2.0,6.0,0.0,3.0,3.0,4.0,0.7,0.3,1.0,0.5,0.2,0.1,4.4,0.333,0.0,0.75,2.6,chris manon
1643052.0,Chaney Johnson,17,345.0,139.0,36.0,79.0,15.0,9.0,20.0,51.0,94.0,9.0,30.0,28.0,35.0,8.18,2.12,4.65,0.88,0.53,1.18,20.3,0.543,0.3,0.8,15.18,chaney johnson
